Samples in periodicals archive:

for Quebec ATH -----Abbreviated Trouble History ABB -----abbreviation HRV -----abbreviation for Croatia ANM -----Abbreviation with No Meaning AAI -----"Abbreviations, Acronyms and Initialisms" ABD -----abdicated AXR -----Abdominal X-Ray AUJ -----Aberdeen University Journal AZV -----Abfallzweckverband AYN -----Aboriginal Youth Network ABT -----About ABV -----above AAB -----Above And Beyond ALQ -----Abraham Lincoln Quarterly AJM -----Abrasive Jet Machining AWJ -----Abrasive Water Jet ABR -----abridged AJV -----Abrupt Junction Varactor AWL -----Absent With Leave ABF -----Absolute Bloody Final (drink) AOF -----Absolute Open Flow AQU -----Absolute Quality University AWT -----Abstract Window Toolkit (java) AYV -----Abutilon Yellow Virus AIS -----Academic Instruction School AYG -----Academic Year Grant AZG -----Academisch Ziekenhuis Groningen AGK -----Academy of Goju Karate AIB -----Academy of International Business AJK -----Academy of Japanese Karate ACC -----Accelerate AGP -----Accelerated Graphics Port ARI -----Accelerated Research Initiative APG -----Accelerating Population Growth AQL -----Acceptable Quality Level AUP -----Acceptable Use Policy ABU -----Acceptance for Beneficial Use AII -----Acceptance Inspection Instruction ATR -----Acceptance Test Report AHC -----Accepting Houses Committee AXS -----access ACL -----Access Control List ARL -----Access Rights List ASG -----Access Service Group ASR -----Access Service Request AUI -----Access Unit Interface AIU -----Accident Investigation Unit ADB -----Accidental Death Benefit APV -----Accounts Payable Voucher AIM -----Accuracy In Media AQJ -----Ace-Queen-Jack AQX -----Ace-Queen-Unknown ABE -----Acetone-Butanol-Ethanol (solvent) AXM -----Acetoxycyclohexamide ACH -----Acetylcholine ACD -----acid citrate dextrose ACK -----acknowledged CUU -----ACM Conference on Universal Usability ANS -----Acorn NetStation AUN -----Acorn Universal Networking ACQ -----acquisition AQP -----Acquisition Quality Plan ALR -----Action Leakage Rate ASH -----Action on Smoking and Health ACX -----Active Control eXperts AGN -----Active Galactic Nucleus AUO -----Active User Object ADO -----ActiveX Data Objects AIJ -----Activities Implimented Jointly AIO -----"Activities, Interests and Opinions" ABH -----Actual Bodily Harm AGW -----Actual Gross Weight AGZ -----Actual Ground Zone ANP -----Actual Navigation Performance AML -----Acute Myeloid Leukemia AMI -----Acute Myocardial Infarction APU -----Acute Psychiatric Unit ARF -----Acute Respiratory Failure AUL -----Acute Undifferentiated Leukemia AHM -----Acutely Hazardous Materials AHG -----Ad Hoc Group ADL -----Ada design language QVJ -----Adams (Massachusetts) Library ALN -----Adaptive Learning Network ACS -----Additional Curates Society ADR -----Additional Dialogue Recording (film jargon) ADY -----Additional Duty AXC -----Additional eXtended Coverage AEC -----Additional Extended Coverage AVC -----Additional Voluntary Contributions AKR -----Address Key Register AMP -----Adenosine MonoPhosphate AYP -----Adequate Yearly Progress ABO -----Adiabatic Born-Oppenheimer AMF -----Adios My Friend ADJ -----Adjutant ADM -----administration AAJ -----Administrative Appeals Judge ACO -----Administrative Contract Office ARE -----Admiralty Research Establishment ARJ -----Admission Reject AOX -----Adsorbable Organohalogens ADV -----advance AAH -----Advanced Attack Helicopter AEG -----Advanced Engineering from Germany AXX -----Advanced Exchange Experiment AXV -----Advanced Experimental Vehicle AXL -----Advanced eXtended markup Language AFW -----Advanced FireWire AGR -----Advanced Gas-cooled (nuclear) Reactor AGC -----Advanced Graduate Certificate AIN -----Advanced Intelligent Network AIX -----Advanced Interactive eXecutive AJT -----Advanced Job Training AJP -----Advanced Joint Planning APT -----Advanced Passenger Train AQF -----Advanced Quick Fix ARS -----Advanced Righting System ASS -----Advanced Sensor System ASX -----Advanced Systems eXcellence ATB -----Advanced Technology Bomber ATX -----Advanced Technology Extended [Format] AVS -----Advanced Visual Systems AWM -----Advanced Warehouse Management AXF -----Advanced X-Ray Facility VAN -----adVANtage (tennis) AEL -----Adverse Effect Level ACY -----Advocates for Children and Youth AEQ -----aequalis (Latin: equal) AOT -----Aerosol Open Test AET -----"aetatis (Latin: at the end of, aged) " AFF -----affiliated AFG -----Afghanistan AFR -----Africa ANC -----African National Congress AVU -----African Virtual University ACP -----"African, Carribean and Pacific (countries) " AWB -----Afrikaner Weerstandbeweging (right-wing political party in South Africa) ZAF -----Afrique du Sud (code ISO de pays) AFT -----after ADS -----After Dinner Speaking AHR -----After Heat Removal ARO -----After Receipt of Order AXY -----Aftercastle Yearbook AOE -----Age Of lEgends AFP -----Agence France-Presse ARH -----Agence rgionale de l'hospitalisation AGY -----agency AQW -----Agenda Quik-Writing AGT -----agent AXT -----AGETOR XML Transformation AXJ -----Agility Excellent Jumper AWF -----Aging Waste Facility AGD -----Agreed AGE -----Agricultural Engineer ALT -----Agricultural Lands Tribunal ARC -----Agricultural Research Council AUA -----Agricultural Unit of Account AKE -----Agrotikon Komma Ellados AHD -----Ahead AAL -----Aid Association for Lutherans ANB -----Aids to Navigation Boat AAK -----"Aim, Attack, Kill" ACM -----Air Chief-Marshall ADC -----Air Defence Command AEM -----Air Efficiency Medal AFB -----Air Force Base AFH -----Air Force Handbook AFM -----Air Force Medal AHU -----Air Handling Unit AJX -----Air Japan AKL -----Air Kilroe ALO -----Air Liaison Officer ANG -----Air National Guard AOA -----Air Officer in charge of Administration APZ -----Air Patrol Zone AQA -----Air Quality Assessment AQC -----Air Quality Control AQD -----Air Quality Digest AQG -----Air Quality Guidelines AQI -----Air Quality Index AQM -----Air Quality Monitoring AQS -----Air Quality Standard AQV -----Air Quality Valuation ASO -----Air Staff Officer AAM -----Air to Air Missile ATC -----Air Traffic Control ATA -----Air Transport Auxillary AVH -----Air Vehicle Handler AWS -----Air Warfare Course AWI -----Air Water Interface ABN -----AirBorN AEW -----Airborne Early Warning CVW -----Aircraft Carrier Air Wing AHV -----Aircraft Handling Vehicle AIK -----Aircraft Installation Kits AOG -----Aircraft on Ground ACW -----AirCraftWoman ACV -----Air-Cushion Vehicle ALW -----Air-Launched Weapon AQE -----Airman Qualifying Examination AOV -----Air-Operated Valve ATZ -----Airport Traffic Zone ARP -----Air-Raid Precautions ASI -----AirSpeed Indicator AUM -----Air-to-Underwater Missile AWY -----Airway ASK -----Akademische Software Kooperation AGA -----Aktiebolaget Gasackumulator (cooker) AHK -----Aktiv Hinten Kinematik ABZ -----"Al, Bill, and Zorn Manufacturing, Inc. " ALA -----Alabama AMW -----ALARA Management Worksheet AEH -----Alarm Event Handler AKJ -----"Alaska, Juneau" AKI -----Alaskan Independent Party AYX -----Alaskan Yukon Explorer AKY -----Albanian Kosovar Youth YZA -----Albany Law School Library AJS -----Albert John Stevens (British motor cycle manufacturer) AEN -----Alberta Environmental Network AWP -----Alberta Wheat Pool ALB -----albumin ABW -----alcohol by weight (abw) ATF -----"Alcohol, Tobacco and Firearms" ALD -----Alderman AXH -----Alexanders Holdings AYS -----Alexandia (VA) Youth Soccer ALG -----algebra AKU -----Algemene Kunstzijde Unie AVV -----Algemene Vrijinning Vakverbond ALK -----alkali AEZ -----Alkaline Earth Zeolite AKD -----Alkyl Ketene Dimer AAW -----All Around the World AAO -----All At Once ACN -----All Concerned Notified AFN -----All For Nothing AIQ -----All Is Quiet AJW -----All Japan Womens wrestling ANA -----All Nippon Airways AOK -----All OK (alright) AOS -----All Over the Shop AOW -----All Over the World APB -----All Points Bulletin (US) AVT -----All Volatile Treatment AYB -----All Your Base AYW -----All Your Work AKH -----Allegemeines Krankenhaus QQH -----Allegheny County (Pennsylvania) Planning and Development Library AEK -----All-Electric Kitchen [ie no gas] AFJ -----Alliance For Justice ABY -----Alliance of Baptist Youth ACE -----"Allied Command, Europe " AXP -----Allied eXercise Publication AHQ -----Allied HeadQuarters AIW -----Allied Industrial Workers AMG -----Allied Military Government AIR -----All-India Radio ATV -----All-Terrian Vehicle AUR -----All-Up Round AVF -----All-Volunteer Force AWX -----All-Weather Aircraft AUW -----Aloha United Way AXO -----Alpha Chi Omega AKX -----Alpha Kappa Chi AKK -----Alpha Kappa Kappa AZO -----Alpha Zeta Omega AAT -----Alpha-1-Anti-Trypsin (treatment for cystic fibrosis) ANW -----Alpha-Numeric Warning QOU -----al-Quds Open University AKA -----Also Known As AFU -----alt. folklore. urban [Usenet newsgroup] ASB -----Alternative Service Book (church of england) AZD -----Alternativer Zustelldienst AHZ -----Altherrenzirkel AZS -----Alumina-Zirconia-Silica AKS -----Aluminum-Potassium-Silicon AAY -----Always All Yours ALZ -----Alzheimer's disease AEU -----Amalgamated Engineering Union AWA -----Amalgamated Wireless (Australasia) Ltd. AAU -----Amateur Athletic Union (america) APA -----Amateur Press Association AXG -----Amax Gold AZJ -----Amazonenjagd AWQ -----Ambient Water Quality AOZ -----Ambulantes Operations Zentrum AMD -----amend AOL -----America OnLine ARV -----American (standard) Revised Edition AAA -----American Academy of Advertising SWV -----American all-female soul performers ABA -----American Basketball Association ABL -----American Basketball League ABS -----American Broadcasting System ACJ -----American Communication Journal ACI -----American Concrete Institute AEP -----American Electrical Power AEV -----American Emergency Vehicles AEF -----American Expeditionary Forces AEI -----American Express International AFL -----American Federation of Labor AFS -----American Field Scholarship AFI -----American Film Institute AFC -----American Football Conference AHI -----American Honey Institute AJH -----American Jewish History AJI -----American Jewish Institute AJY -----American Jewish Youth AJR -----American Journalism Review (Periodical) AKF -----American Kidney Fund ALL -----American Liberty League AMZ -----American Maritime Zone AMA -----American Medical Association AMC -----American Motor Company AMX -----American Motorcross(X) AMS -----American Musicological Society AMJ -----American Muslims for Jerusalem ANQ -----American Notes and Queries AJA -----American of Japanese Ancestry AOU -----American Ornithologists' Union AOJ -----American Orthoptic Journal API -----American Petroleum Institute QQG -----American Philatelic Research Library APS -----American Psychological Society TVT -----American record company ASL -----American Sign Language ASQ -----American Society for Quality ASZ -----American Society of Zoologists ASV -----American Standard Version UPN -----american television network AUY -----American Union of Youth AUH -----American University Hospital AUK -----American University in Kyrgyzstan AVD -----American Vetinary Department AWG -----American Wire Gauge AWH -----American Women's Hospitals AYR -----American Year in Review AYH -----American Youth Hockey AYY -----American Youth Yoga AZL -----American Z Lines AZA -----American Zinc Association AZC -----American Zionist Council AZM -----American Zionist Movement AZY -----American Zionist Youth AJJ -----Americans for Justice on the Job ALX -----America's Learning Exchange MXY -----AMEX Mexico Index ADK -----Ammosov Delone and Krainov atomic tunnelling model AWK -----"Amo, Weinberger, Kernighan (programming language)" AMT -----amount AMY -----Ampere Modulated Yielding APK -----Amplitude Phase Keying AEX -----Amsterdam (stock) EXchange AAN -----An Amazing Night AFE -----Analog Front End AVB -----Analog Video Bandwidth AAD -----Analogue Analogue Digital (recording technique) ADD -----Analogue Digital Digital AQT -----Analytical Query Time ANE -----Anarchy 'N' Explosives AOH -----Ancient Order of Hibernians AOR -----And AMM -----And Much More AYA -----And Yet Again ATK -----Andrew ToolKit AUE -----Andrew User Environment AYI -----Angle of Yaw Indicator ASA -----Angle Side Angle AZB -----Angular Z-Buffer (ray-tracing algorithm) ANH -----"Anhang (German: appendix, of a book)" AGU -----Anhydroglucose Units AXU -----Animal Expo Unlimited AFO -----Animal Feeding Operations AHL -----Animal Health Laboratories ANN -----annals ZBX -----Annawan-Alba (Illinois) Township Library ADZ -----Annual Day Zero AGM -----Annual General Meeting ALF -----Annual Licence Fee APR -----Annual Percentage Rate APY -----Annual Percentage Yield AQQ -----Annual Qualifications Questionnaire AYL -----Annual Yearly Loss ANR -----another AMQ -----Another Moronic Question AFQ -----Answers Facts and Questions ANT -----antenna ATU -----Antenna Tuning Unit APH -----AntePartum Haemorrhage ALH -----Anterior Lobe Hormone AKZ -----Antiarmor Kill Zone ABM -----Anti-Ballistic Missle ABX -----Antibiotics ADH -----AntiDuretic Hormone AHF -----AntiHaemophilic Factor AIZ -----Anti-Imperialistische Zelle(n) (German) AJD -----Anti-Jam Display AJE -----Anti-Jam Equipment AJF -----Anti-Jam Frequency AXE -----Antique eXercise Equipment ASW -----AntiSubmarine Work ATT -----AntiTetanus Toxoid AVX -----AntiVirus eXpert ALY -----Antroposofisen Laaketieteen Yhdistyksen AOP -----Any Old Place AOB -----Any Other Business AQK -----Any Quick Kiss AOC -----Apellation d'Origine Controlee AKP -----Apogee Kick Planning APP -----apparatus AQY -----Apparent Quantum Yield ATJ -----Appendices To Journals ATQ -----AppleTalk Transition Queue AMK -----Applied Materials Korea (name of a company) ARM -----Applied Research Methods ART -----Applied Risc Technologies AKT -----Apprentice Knowledge Test ADF -----Approved Deposit Fund ADI -----Approved Driving Instructor AQR -----Approximate and Qualitative Reasoning group APX -----approximately ASU -----Arab Socialist Union AUZ -----Arbeitskreis Umfassende Zahnheilkunde AZK -----Arbeitsnehmer Zentrum Koenigswinter ARB -----arbitrager AVW -----Arbor Vitae Woodruff School ATN -----arc tangent WXK -----Archaeologie (library cataloguing) ABP -----Archbishop ANY -----Architecture New York AZW -----Architektur Zentrum Wien AZP -----Archiv fuer die Zivilistische Praxis AGQ -----Archives Gaies du Quebec AJU -----Archives Juives AUB -----Are yoU Bored? AYC -----Are You Crazy? RUX -----Are You Experienced? AYF -----Are You Finished RUJ -----aRe yoU Joking? AYK -----Are You Kidding? RUK -----aRe yoU Kidding? AAX -----Area of Absolute eXclusion AAZ -----Areas And Zones ARG -----arginine RXZ -----Arginine-Alanine-Proline (proteins) ANL -----Argonne National Laboratory AYE -----Argue Your End ALI -----Argyl Light Infantry ALU -----Arithmetic and Logic Unit (computing) ADE -----Arizona Department of Education AZQ -----Arizona Quarterly AZX -----Arizona Stock Exchange AJG -----Arizone Jojoba Growers ARK -----Arkansas AHP -----Arkansas Highway Police AHE -----Armament Handling Equipment ASD -----Armament Supply Department APO -----Armed Forces (or Army) Post Office AMV -----Armored Maintenance Vehicle AFV -----Armoured Fighting Vehicle AIV -----Armoured Infantry Vehicle APC -----Armoured Personnel Carrier AAC -----Army Air Corps AAF -----Army Air Force ACF -----Army Cadet Force AER -----Army Emergency Reserve AHN -----Army Health Nurse AKN -----Army Knowledge Network AKO -----Army Knowledge On-line ANV -----Army of Northern Virginia AOD -----Army Ordnance Department APD -----Army Pay Department AQB -----Army Qualifications Battery ASC -----Army Service Corps AVR -----Army Volunteer Reserve AWR -----Army War Reserve AYT -----Army Youth Team ARR -----arrangement AOO -----Art lending Of Ottawa AON -----Art Of Noise ATD -----Art Teacher's Diploma AID -----Artificial Insemination by Donor AIH -----Artificial Insemination by Husband AMN -----Artificial Mains Network AOY -----Artist of the Year AFY -----Arts For Youth AHH -----Aryl Hydrocarbon Hydroxylase (used in tobacco research) AZF -----As If AHS -----Ashland High School APN -----Asia Pacific Networx AZN -----Asian (used in singles ads) AXQ -----Asian Xgames Qualifier ASN -----asparagine AMB -----Asparagus Mustard Blancmange (!) ASP -----aspartic acid AHB -----Assault Helicopter Battalion ACZ -----Assembly Coder's Zenith AEO -----Assication of Exhibition Organisers AJQ -----Assignment and Justification Questionnaire AAG -----Assistant Adjutant-General ACG -----Assistant Chaplain-General ADG -----Assistant Director-General APM -----Assistant Provost-Marshall ARD -----Assistant Resident Director ASM -----Assistant Stage Manager AYM -----Assistant Yard Master ANJ -----Associacao Nacional de Jornais AND -----Associate Administrator for NAS Development AAS -----Associate in Applied Science AFA -----Associate in Fine Arts AGS -----Associate in General Studies AKC -----Associate of King's College (London) AIA -----Associate of the Institute of Actuaries AGI -----Associate of the Institute of certified Grocers AIG -----Associate of the Institute of certified Grocers AIC -----Associate of the Institute of Commerce AIE -----Associate of the Institute of Education AIP -----Associate of the Institute of Plumbing ASF -----Associate of the Institute of Shipping and Forwarded Agents AIL -----Associate of the Institution of Linguists ARA -----Associate of the Royal Academy ATI -----Associate of the Textile Institute AEB -----Associated Examining Board AYZ -----Associated Youth for Zion AKQ -----Association des Kinotherapeutes du Quebec ASE -----Association for Science Education ASJ -----Association for Scientific Journals APF -----Association for the Propogation of the Faith AAV -----Association of Avian Veterinarians ABI -----Association of British Insurers ACU -----Association of Commonwealth Universities AEJ -----Association of European Journalists AGB -----Association of Governing Boards AIT -----Association of Inspectors of Taxes AJO -----Association of Jensen Owners AJL -----Association of Jewish Libraries AKG -----Association of Kew Growers AME -----Association of Municipal Engineers AOM -----Association of Ontario Midwives AUT -----Association of University Teachers AWO -----Association of Water Officers AWW -----Association of Women Welders AYJ -----Association of Yugoslav Jews AZH -----Association of Zoological Horticulture AVY -----Association Viticole Yvorne AZI -----Association Zen Internationale APL -----Associative Programming Language ATE -----Associativity Test Equation AXN -----Assurante Experts Nederland APE -----Asterisk Placement Executive ATG -----Asterix The Gaul ASY -----Astounding Stories Yearbook AAQ -----Astronomical Association of Queensland AVZ -----Astronomische Vereinigung Zuerich APJ -----Astrophysical Journal [Space] ADW -----Asymptotic Distorted Wave ATP -----At room Temperature and Pressure ATM -----At The Moment ABG -----Aterial Blood Gas ATY -----Atividades Terapeuticas e Yoga ATL -----Atlantic AMR -----Atlantic Missile Range ANF -----Atlantic Nuclear Force AST -----Atlantic Standard Time AUU -----ATM User-to-User AWV -----Atmospheric Wind Velocity AEA -----Atomic Energy Authority AHW -----Atomic Hydrogen Welding AMU -----Atomic Mass Unit AWD -----Atomic Weapons Decommissioning AWE -----Atomic Weapons Establishment ATW -----ATomic Weight AYU -----Atomic Youth Ultrasonics AKW -----Atomkraftwerk ALE -----"Atropine, Lidocaine, Epinephrine" ARN -----ATS Route Network AFX -----Attack Fighter eXperimental AHX -----Attack Helicopter Experimental AHO -----Attack Helicopter Operations ARW -----Attitude Reaction Wheel AGO -----Attorney General of Ontario AGG -----Attributed Graph Grammar system AUD -----Audible ACR -----Audio Cassette Recorder ACA -----Audio Compression Algorithm AES -----Audio Engineering Society AJB -----Audio Junction Box ARU -----Audio Response Unit AVK -----Audio Video Kernel AVI -----Audio Visual Interleaved ALM -----AudioLingual Method (in teaching a foreign language) AVA -----AudioVisual Aids AVL -----AudioVisual Language AVP -----AudioVisual Processor ADQ -----Audits of Data Quality AEY -----Auger Electron Yield APW -----Augmented Plane Wave AUG -----August AEE -----Auronautical Engineer AWZ -----Aus- und Weiterbildungszentrum AQZ -----Ausbildungs- und Qualifizierungszentrum ABJ -----Austin Business Journal ANZ -----Australia and New Zealand banking group AUS -----Australia(n) AAP -----Australian Associated Press ABC -----Australian Broadcasting Corporation ACT -----Australian Capital Territory ACB -----Australian Cricket Board ADT -----Australian Digital Theses program AGL -----Australian Gas Light company AGH -----Australian General Hospital AGJ -----Australian Guitar Journal AHA -----Australian Hotels Association AIF -----Australian Imperial Forces AJC -----Australian Jockey Club AJZ -----Australian Journal of Zoology ALP -----Australian Labour Party ALJ -----Australian Law Journal ANU -----Australian National University AUQ -----Australian Quarterly ARY -----Australian Rural Youth ATO -----Australian Taxation Office AVJ -----Australian Veterinary Journal AWC -----Australian Wool Corporation AWU -----Australian Worker's Union AXK -----Australian Xbox Killers AYO -----Australian Youth Orchestra AYQ -----Australian Youth Quartet AKB -----Australian-Korean Business AHY -----Austrian History Yearbook AUF -----AUthentication Function AHJ -----Authority Having Jurisdiction AXZ -----Auto Exchange Zaire AZZ -----Auto Zentrum Zerbst AFZ -----Auto-Free Zone ALS -----Autograph Letter Signed AED -----Automated External Defibrilator AGV -----Automated Guided Vehicle AKM -----Automated Key Management AQO -----Automated Quality Organization AWN -----Automated Weather Network AAE -----Automatic Assemble Editing ADP -----Automatic Data Processing ADX -----Automatic Digital eXchange AFD -----Automatic File Distribution ALC -----Automatic Level Control ANK -----Automatic Navigation Kit ANO -----Automatic Network Operator ANI -----Automatic Number Identification AOI -----Automatic Optical Inspection ARQ -----Automatic Repeat reQuest AVM -----Automatic Vending Machine ANX -----Automotive Network Exchange ALV -----Autonomous Land Vehicle AUV -----Autonomous Underwater Vehicle ARZ -----Auto-Restricted Zone AZR -----Autozentrum Radebeul TAH -----"Auxilary, Hospital ship, MSC manned (naval ship type) " AXB -----Auxiliary Boiler AXW -----Auxiliary Wasteheat AKV -----"Auxiliary, Cargo, Aircraft" AGF -----"Auxiliary, General, Flagship" ATS -----Auxillary Territorial Service (women in Britain 1938-48) AUX -----auxillary verb AXD -----Auxilliary Drum AVO -----Available Vehicle Occupancy AVE -----Avenue AVG -----Average AHT -----Average Holding Time AOQ -----Average Outgoing Quality APQ -----Average Picture Quality AQH -----Average Quarter Hour AVQ -----Average Voice Quality AYD -----Average Yearly Demand ADU -----Avian Demography Unit AVN -----aviation AMO -----Aviation Medical Officer AMH -----Aviation Structural Mechanic (Hydraulics) US Navy Rating AFK -----Away From Keyboard AXI -----axiom QUY -----Ayacucho Quechua AIY -----Ayshire Imperial Yeomanry AZE -----Azerbaijan (031) ISO 3-letter country code AZT -----Azidothymidine AQN -----Azimuthal Quantum Number AZU -----azumith BMB -----B***** Me Backwards BMG -----Baader-Meinhof Gang BHK -----Babcock-Hitachi Kaisha BJV -----Baby and Junior Violence BAC -----baccalaureat (French school examination) BWV -----Bach Werke-Verzeichnis (German: catalogue of Back's works) BAQ -----Bachelor Airmen's Quarters BEQ -----Bachelor Enlisted Quarters BAM -----Bachelor of Applied Mathematics BAJ -----Bachelor of Arts in Journalism BAO -----Bachelor of Arts in Obstetrics BBA -----Bachelor of Business Administration BCA -----Bachelor of Commerce and Administration BCY -----Bachelor of Culinary Arts Technology BDS -----Bachelor of Dental Surgery BED -----Bachelor of Education EDB -----Bachelor of Education BHJ -----Bachelor of Human Justice BIE -----Bachelor of Industrial Engineering BLA -----Bachelor of Landscape Architecture BLL -----Bachelor of Laws LLB -----Bachelor of Laws (legum baccaleureus) BLS -----Bachelor of Library Science BMS -----Bachelor of Marine Science BME -----Bachelor of Medical Engineering BPE -----Bachelor of Physical Education BPA -----Bachelor of Professional Arts BPH -----Bachelor of Public Health BRE -----Bachelor of Religious Education BSC -----Bachelor of Science BSF -----Bachelor of Science in Forestry BSJ -----Bachelor of Science in Journalism BSN -----Bachelor of Science in Nursing BSP -----Bachelor of Science in Pharmacy BSS -----Bachelor of Secretarial Science BCH -----Bachelor of Surgery (Latin: baccalaureus chirurgiae) BTE -----Bachelor of Textile Engineering BTP -----Bachelor of Town Planning BOQ -----Bachelor Officer Quarters BTO -----Bachman-Turner Overdrive BCG -----Bacillus Calmette-Guerin BXU -----Bacillus Xylanase Unit BAK -----Back At Keyboard BOH -----Back Of House BOT -----Back On Topic BYB -----Back Yard Breeder BBE -----Background Block Error BGN -----BackGround Noise BPR -----Back-Pressure Regulator BPN -----Back-Propagation Network BNN -----Back-propagation Neural Network BKD -----Backscatter Kikuchi Diffraction BAI -----Backup Aerospace-vehicle Inventory BDC -----Backup Domain Controller BUF -----Back-Up Facility BWH -----Backup WithHolding BCK -----backward(s) BWO -----Backward-Wave Oscillator BYW -----Backyard Wrestling BLT -----Bacon Lettuce & Tomato BJE -----Bad Joke Ending BQI -----Bad Questions Ignored BHV -----Badischer Handball-Verband BMK -----Badmintonklubb BAG -----Baggage BYK -----Bajaj Youth Cycle BNT -----Baker-Nunn Telescope BAL -----Balance BFB -----Balanced Failure Biasing BLR -----Balanced Likelihood Ratio BTI -----Balanced Technology Initiative BXO -----Balanitis Xerotica Obliterans BLW -----Baldwin Locomotive Works BVH -----Balgownie Veterinary Hospital BGA -----Ball Grid Array BBJ -----Ball-Bearing Joint BAT -----Ballistic Aerial Target BEE -----Ballistic Electron Emission BMD -----Ballistic Missile Defence BLN -----Balloon BGE -----Baltimore Gas and Electric Company BHU -----Baltimore Hebrew University BBV -----Banco Bilbao Vizcaya BLX -----Banco Latinoamericano de Exportacione BZN -----Band Zonder Naam BDQ -----Bande Dessinee Quebecoise BQL -----Bandial BXD -----Bandwidth and Delay BWB -----BandWidth Balancing BWC -----BandWidth Control BRQ -----Bandwidth ReQuest BNH -----Bangkok Nursing Home BHE -----Bangor Hydro-Electric Company BEU -----Bank Employees Union BXQ -----Bank Exchange Quantity BIS -----Bank for International Settlements BGZ -----Bank Gospodarki Zywnooeciowej BOE -----Bank Of England BOJ -----Bank of Jamaica BNY -----Bank of New York BNZ -----Bank of New Zealand BOS -----Bank of Scotland BOZ -----Bank of Zambia BVE -----Bank von Ernst (Liechtenstein) BKG -----banking BDW -----Banking Data Warehouse BKY -----Bankruptcy BEI -----Banque europeenne d'investissement (French: european investment bank) BWJ -----Banten West Java BUV -----Baptist Union of Victoria BWA -----Baptist World Alliance BAP -----baptized BCR -----Bar Code Reader BHB -----Bar Harbor Bankshares.

Danny P Boyle, Draco Sys, Drago Supply, Dragoco, Dragoo Ins Agency, Drainage Products, Drake Homes, "Drake, County of", Dranix LLC, Draper & Kramer, Draper Shade & Screen Co, Draw Title, DRB Grp, DRD Associates, Dream Foundation, Dream Gift Media, Dream Skeems, Dreiers Nursing Care Ctr, Dreisbach Enterprises, Dresick Farms Inc, "Dress Barn, The", Dresser Industrial, Dressler Rockey Milnamow Kat, Drever McIntosh Co, Drew Memorial Hospital, Drew University, Drexel Univ, Drexler Group, Dreyfus Corp, DRF, Driessen Culligan, Driggs Corp, Drilex Systems, Drillers Service, "Dripping Springs, City of", Drive Train Industries, Driveline Services, Driver Leasing, Driver Logistics Svc, Driver Pipeline Co, Drivers Direct, DRM/Denro Inc, Droogh Dairy, DRS Communications, Drs Garza Aleman & Asoc, Drudge Screw Products, Drug Emporium, "Drugstore, The", Drury Inn, DRW Contractors, Dry Creek Schl Dist, Dry Fabrication & Welding, Dryden & Wyche LLP, Dryden Margoles Schimaneck Hartm, Dryk & Assoc, DS America, DSC Communications, DSE Inc, Dset Corp, DSI Distributing, DSL, "DSP Group, The", DSS Prodiesel, DT Trading, DTL Transportation, Du Trac Comm Credit Union, Dual Drilling, Dualite Inc, Duane Pires, Duarte Nurseries, Duarte Unif Schl Dist, Duarte Unif Schl Dist-Board, "Duarte, City of", Dub Holdings, Dubard Inc, Dublin Construction Co, Dublin Housing Authority, Dublin ISD, Dublin San Ramon Svc Dist, Dublin San Ramon Svcs Dist, "Dublin, City of", Dubois Woods, Dubuis Hlth Sys, Dubuque Anesthesia Svcs, Dubuque Express Co, Dubuque Foods, Dubuque Greyhound Park, Dubuque Ins, Dubuque Stamping & Mfg, Dubuque/Rochelle Foods, Ducharme McMillen & Assoc Inc, Duckert Pallet, Ducks Unlimited, Duclos Corp, Dudley Acoustics, Dudley B Pratt, Duensing Deposition Reporters, Dufresne Henry, Duke Benefit Svc Inc, Duke Mfg, Duke Sherwood Construction, Dukes Transportation Svcs, Dullam Nursery, Dumars Landscaping, Dumas ISD, Dumore Corp, Dumore Krodhler Furniture, Dumore Kroehler Furniture, Dun & Bradstreet Software, Dunbar Cook & Shepard, Duncan Enterprises, Duncan Kitchen & Bath, Duncanson & Holt, Dunham & Smith Agencies, Dunlap Memorial Hospital, Dunlap Mgmt, Dunlop Mgmt, Dunlop Slazenger Corp, Dunn Enterprises, Dunn Mental Hlth Ctr VASA, Dunningan Water Dist, Dupaco Cold Storage, Dupaco Comm Hosp, Dupage Die Casting, Dupont Corp, Dupre Transport, Dura Automotive Systems, Dura Style Homes, Duraflame Inc, Durakon Industries, Duralee Fabrics, Durham & Co, Durham Company, Durham Internal Medicine, Durham Transportation, Duro Bad, Duro Bag Manufacturing, Duro Med Industries, Durrant Grp, Dutch Corp, Dutch Valley Food Co, Dutch Way Farm Market, Dutcher Phipps Crane & Riggins, Dutchland Plastics, Dutchman Country Market, DV Dairy, DV Diary, DV8, DW Distribution, DW Ewing Movers, DW McMillan, Dwight Andrus Ins, DX Services, DXP Enterprises, Dycom Industries, Dye Sheet Metal Products, Dyersburg Corp, Dyersburg Yarn, Dygert Seating, Dykema Excavators, Dyn America, Dyn Corp, Dyna Technology, Dyna Tenn Dyna VA, Dyna VA, Dynablast, Dynaco Inc, Dynafab, Dynagear Inc, Dynalectron, Dynamic Corp, Dynamic Engineering, Dynamic Fluid Measurement, Dynamic Glass, Dynamic Hlth Products, Dynamic Industries Inc, Dynamics Technology, Dynasty Transportation, Dyno East Kentucky, Dyno New England, Dyno Nobel Distributors Trust, Dyno Nobel Inc, Dyno Overlays Inc, Dyno Southeast, Dyno Transportation, E Bierhaus & Sons, E Center, E Naum, E Robert Rost DDS, E TEX Mechanical, E&C Engineers & Cnslt, E&E Specialties, E&G Concrete, E&J Gallo Winery, E&L Avila Labor, E&O Professionals, E351 ESI, EA Engineering Science & Technology, EA Hathaway & Co, EA Martin Machinery, EA Miller, Eagle Affiliates, Eagle Air, Eagle Crusher, Eagle Family Foods, Eagle Gasket & Packing, Eagle Geophysical, Eagle Granite, Eagle Group, Eagle Industries, Eagle Insurance Grp, Eagle Iron Works, "Eagle Lake, City of", Eagle Marine Services, Eagle Office Products, Eagle OPG, Eagle Optics, Eagle Pass Bridge Sys, Eagle Pass Housing Authority, Eagle Pass Water Wrks Sys, "Eagle Pass, City of", Eagle Pest Control, Eagle Picher Boge LLC, Eagle Picher Industries, Eagle Pitcher Industries, Eagle Point, Eagle Point Corp, Eagle Primary Physican Assoc, Eagle Rehab Ctr, Eagle Star Ins, Eagle Temporaries, Eagle Transport, Eagle USA Airfreight, Eagle Well Service Co, Eagle Wireless, Eagles Pride, Eaglet Pride, EAI Corp, EAI Healthcare Staffing, Eakes Office Products, Earhart Petroleum, Earl & Wright, Earl L Bonsack, Earl Litho Printing, Earl Scheib Inc, Earls Truck Sales, Early ISD, "Early, City of", Earnies Cash Register, Earth Angels, Earth Bound Farms, Earth Waste, Earthbound Farm, Earthlink, Earthworks, East Allen County Schools, East Balt, East Balt Commissaty, East Baton Rouge School, East Bay Case Registers, East Bay Cash Registers, East Bay Dischargers Auth, East Bay Drayage Drivers Scrty Fnd, East Bay Excavating Co, East Bay Regional Park Dist, East Bay Restaurant Supply, East Center, East Central Illinois Plumbers Lcl 383, East Chamber ISD, East Chambers Cnty Consolid, East Cnty Derm Med Grp, East Coast Tile, "East Grand Rapids, City of", East Hampton Village, East Iowa Machine Co, East Kern Airport Dist, East Kern Airport Dist-Board, East Liverpool City Hospital, East Molin Metal Products, "East Mountain, City of", East Naples Fire Rescue Dist, East of Eden, East Orange Child Development, East Pasco Med Ctr, East Peoria High, "East Peoria, City of", East Providence School Dist, East Tennessee Auto Club, East Tennessee Bonding Co, East Tennessee Clinical Resear, East Tennessee Foundation, East Tennessee Pioneer Oil, East Tennessee State Univ, East Texas Crude Co, East Texas Empt & Training, East Texas Mack, East Texas Medical Alliance, East Texas Medical Center, East Texas Packers Sales & Svc, East Texas Prof Credit Un, East Valley Water Dist, East Whiteland Township, East Whittier City Elem School, Eastern Alabama Railway, Eastern Business Forms, Eastern Carolina Vocational Ctr, Eastern Co, Eastern Electric, Eastern Electric Apparatus Repair, Eastern Exposure, Eastern Maine, Eastern Michigan Univ, Eastern Municipal Water Dist, Eastern New Mexico Med Ctr, Eastern New Mexico Univ, Eastern Oregon Clg-Athletic Acc, Eastern Savings Bank, Eastern Seaboard Packaging, Eastern Service Corp, Eastern Shawnee Tribe, Eastern Star Home, Eastern Tennessee State Univ, Eastern Townships Fncl Svcs, Eastern Video Systems, Eastex Telephone Cooperative, Eastfield Glass, Eastland CAD, Eastland ISD, Eastland Memorial Hospital, "Eastland, City of", "Eastman, City of", "Easton, City of", Eastridge Group, Eastside Christian Church, Eastwind Airlines, Easy Auto Credit, Easy Living, Eaton Corp, Eaton Metal Products Co, "Eatonville, Town of", Eau Claire Mattress, EB Enterprise, EBA&M Corp, Ebara Technologies, Ebasco Svcs Inc, EBI Co, EBM, Ebonite Intl, EBP Healthplans, EBS, EC Chmel Inc, EC Services, ECalton, ECCS Inc, Echales Assoc, Echales Management Corp, Echelon, Echlin Inc, ECI Semiconductor, Ecipt Brinkoetter & Sons, Ecipt Commercial Mechanical, Ecipt Dodson Plumbing, Ecipt Doyle Plumbing & Heating, Eciptwf Glade Plumbing/Heat, Eciptwf Henry Hart, Eciptwf JC Dillon, Eck Industries, Ecker Enterprises, Eckert Cold Storage, Eckerts Van & Storage, Eckhart Holdings, Ecklund Carriers, Eclipse Berry Farms, Eco Farms Corp, Ecolab Inc, Econco Broadcast Svc, Econex, Econex North, Econo Auto Painting, Econo Lube N' Tune, Econo Print Milwaukee, Economic DVLPT CRP/Shasta, Economy Furniture Industry, Economy Supply, Ector Cnty 911 Dist, Ector County Hospital Dist, "Ector, City of", Ed Debevics, Ed Kawasaki, Ed Kirwan Graphic Arts, Ed Moseley Ford Lincoln Mercur, Ed Nitsche, Ed Pink Racing Engines, Ed Voyles Companies, EDCO Disposal, Eddy Corp, Edelbrock, Edelman Public Relations Worldwide, Edelmen Public Relations, Eden Hospital Med Ctr, Eden Medical Ctr, Eden Park Nursing Homes, "Eden, City of", Edgehill Drugs, Edgewater, Edgewater Rehab Assoc, Edgewood Golf Course, Edgewood Village Market, Edgington Oil/Oasis Petroleum, Edify Corp, Edinburg Teachers Credit Un, "Edinburg, City of", Edison Brothers, Edison Intl, Editions Ltd, Edmonton Manufacturing, "Edna, City of", EDP Enterprises, EDS (Electronic Data Sys), Eds Supply Co, EDSA, Edstrom Industries, Education America, Education Credit Corp, Education Svc Ctr Multi Regional, Educational & Business Microcomputers, Educational Electronics Corp, Educational Research Svcs, Educational Testing Svcs, Educators, Edward A Morgan MD, Edward A Utlaut Hlth Svcs, Edward B Morris Assoc, Edward D Jones & Co, Edward Equip Sales, Edward Kraemer & Sons, Edward L Schechter MD, Edward Lowe Industries, Edward M Rude Carrier Corp, Edward Nelson MD, Edward R Chaplin MD, Edward S Lewis MD, Edward W Brown MD, Edwardos Natural Pizza, Edwards Equip Sales, Edwards Nursery of Visalia, Edwards Perry & Haas LLP, Edwin C Bybee, EE Jensen Sprinklers, EE Richter & Sons, Eeco Inc, Eel River Sawmills, EER Systems, EERC, EF Brady Co, EF Industries, Efco Corp, Effective Mgmt Sys, Efficient Market Svcs, Efmark Svc Co, EFP South Corp, Efratom, EFW, Egain Communications, Egg Harbor Township, Egger Homes, Eggers Industries, Egghead Software, EGR Co, EGS Americas, EGS Electrical Grp, EGS Electrical Grp Dir, EGS Production Machining, Egyptian Government Scholars, Egyptian Laquer LFG Co, EH Price Co, EH Wood, EI Kane, Eichler Fayne & Assoc, Eidos Interactive, Eighty Four Lumber Co, EIMCO, Eire Inc, Eisaman John & Laws, Eisenhower Med Ctr Cap Svcs, EJS Video Plus, El Buen Samaritano Episco, El Cajon Ltd, "El Cajon, City of", El Camino Irrigation Dist, El Camino Resources, "El Centro, City of", El Chico Restaurants, El Conejo Mexican Restaurant, El Cortez, El Dorado Chemical Co, El Dorado Claims, El Dorado County Employees, El Dorado County Fire Protection Dist, El Dorado Hills Community Svcs, El Dorado Hills County Water Dist, El Dorado Hotel Casino, El Dorado Paper Bag, El Dorado Private Schools, El Dorado Springs Schools, "El Dorado, County", "El Dorado, County of", El Encanto, El Interior, "El Lago, City of", El Lilly & Co, "El Macero, County of", El Monte City Schl Dist, El Monte RV, El Monte Union High School Dist, "El Monte,City of", El Pacifico, El Pacifico Peruiano Suiza, El Paso Central Appraisal Dist, El Paso Electric Co, El Paso School Dist, "El Paso, City of", El Pollo Loco, El Portal, El Rancho Unif Schl Dist, El Redentor Pre Schl, El Rio Chiropractic, El Sausal Middle School, "El Segundo City, City Council", "El Segundo, City of", El Sol Nacional, EL Stone Co, El Tapatio Foods, El Toro Materials, Elaine Peck Mgmt, Elan Vital Inc, Elastex, Elastic Corp of America, Elbt Construction, ELCA Board of Pensions, Elco Industries, Eldorado Bank, Eldred Sheet Metal, Elec & Eletek USA, Electra ISD, Electri Flex Co, Electric Materials Co, Electric Motor Shop, Electric Motors, Electric Wire Products, Electrical Design & Motor, Electrical & Control Systems Engr, Electrical Contractors, Electrical Controls, Electrical Design & Motor, Electrical Lcl 756, Electrical Wkrs of SF Lcl 6, Electrical Workers HWTF, Electrical Wrk H&W Trst, Electrical Wrk H&W Trst Contra Costa, Electrical Wrk H&W Trst San Mateo, Electro Chem Etching Co, Electro Glass, Electro Matic Products, Electro Mech Co, Electro Painters, Electro Test Inc, Electron, Electron Devices, Electronic Comp Dist, Electronic Data Carriers, Electronic Data Sys, Electronic Industries Assn, Electronic Innovations, Electronic Payment Svcs, Electronics Design & Sales, Electroply, Electrorep, Electroscope Inc, Electrosonic Sys, Elegant Illusions, Elementals Skin Care, Eletroncic Ben Admin, Elevating Communications, Eleventh Hour, Elexsys International, Elgin Butler Brick Co, Elgin Location, Elgin Molded Plastics, Elgin Sweeper Co, "Elgin, City of", Eli Lilly & Co, Elias Industries, Eliason & Knuth, Eliason Corp, Elilte Title, Elite Fabrics, Elite Intl Transportation, Elite Patio & Barbeque, Elite Resources, Elixir, Eliza Coffed Mem Hospital, Elizabeth Arden, Elizabeth Miller, Elizabeth Nolan MD, Elizabethton Newspapers, Elizabethtown College, Elk Grove Comm Svcs Dist, Elkhart Container, Elkhart ISD, Elkhart Machine & Tool, "Elkhorn, City of", Elkins Builder's Supply, "Elko, City of", Elkon Systems, ELL Credit Union, Elle Salon, Ellen Equipment, Ellenburg Capital, Ellett Brothers, "Ellinwood, City of", Elliot Aviation, Elliot Metal, Elliot Sawmilling Co, Elliott Chevrolet, Elliott Electric Supply Co, Ellis & Ellis Signs Displays, Ellis Brothers, Ellis Cnty Appraisal Dist, Ellis K Phelps & Co, Ellison Bakeries, Ellison Media, Ello Furniture, Elm Manufacturing, Elma Electronics, Elmer Candy Corp, Elmer Products, Elmer Rental, Elmers Mercer Restaurants, Elmers Products Inc, Elmira College, Elmo Semiconductor, "Elms, The", Elna M Smith, Elosorb Intl, Elrod Farming, Elrod Framing, Elsag Bailey Process Automatio, Elsevier US Holdings, Elsimore Aerospace, Elsinore LP, Elton R Garner Jr Attny at Law, Elvia Assist Belgium, Elvia Assistance Austria, Elvins Auto Repair, "Elwood, City of", Elwyn Industries, Ely & Assoc, Elyria Sales, Elyte ATM Svcs, Elzinga & Volkers, EM Care, EM Industries, Emanual Hospital, Embassy of Belgium, Embassy of Egypt, "Embassy of Sweden, The", Embassy of the Sultanate Oman, Embassy Suites, Ember Care Health Center, Embraer Aircraft Corp, Embree Construction Grp, EMC Corp, EMCO Distributors, EMCO Inc, Emerald Peoples Utility Dist, Emerald Solutions, Emerald Sunrooms & Design, Emerald Systems, Emerald Tech, Emergency Information Sys, Emergency Medicine Phys, Emergency One, Emergent Information Tech, Emerik Hotel Corp, Emerik Properties, Emeritus Assisted Living, Emerson Branson Intl Plasma Cor, Emerson Computer Power, Emerson Electric Co for In Sink Erator, Emerson Liebert, Emerson Motion Control, Emerson Power Transmission, "Emerville, City of", Emeryville Redevelopment Agency, "Emeryville, City/Non-Pers", "Emeryville, City/Retire Sys", EMG, EMI Corp, EMI Music, EMI Records, Emigh Hardware, Emilio Martin Justu MD, Eminence Security, EMM Holdings, Emmanuel Med Ctr/Turlock, Emmaus Catholic Books & Gifts, "Emmet, County of", Emmis Communications Corp, Emons Transportation Grp, "Emory, City of", Emphesys Financial Grp, Empi Inc-PEPM, Empire Builders, Empire Die Casting, Empire Electrical Svc, Empire Express, Empire Funding, Empire Industries, Empire Level Mfg, Empire Trust (Emp), Empire West, Employee Ben Admin & Mgmt, Employee Ben Solutions, Employees First Fed Credit Un, Employer Advantage, Employer Management Svcs, Employer Personel Svcs, Employer Plan Services, Employer Resource Grp, Employers Alternative, Employers Personnel Svc, Employers Resource, Employers Risk Svcs, Employment Development Dept, Employment ECT, Emporia State Univ, EMPP Inc, Empress Casino, EMS Admin Svcs, EMS II Inc, Emus Landing, En Chem, En Tellect Environmental, Enabler Manged Care, Enchanted Gardens, Enchantment Flotation, Encinitas Fire Dist, Encinitas Fire Protection Dist, Encinitas Union Schl Dist, "Encinitas, City of", Encintas Sanitary Dist, Encore Medical Corp, Encore Senior Living, Endevco, Endevco Retirees, Endoscopy Specialists, Endovascular Technologies, Enemy Tattoo, Enercon Engineering, Enerfab Inc, Enerfin Resources, Energenecs, Energetics, Energy & Resources Conservation, Energy Dynamics Industries, Energy Insurance, Energy Mechanical/Sac Bldrs Exchange, Energy Saving Strategies, Enersyst Development, Enertron Tech, Enform Technologies, Engeo, Engine Components, Engine Power Source, Engineer Trust Fund PE, Engineered Handling Products, Engineered Machine Products, Engineered Products, Engineered Storage Systems, Engineering & Testing Svcs, Engineering Animation, Engineering Assoc, Engineering Dept, Engineering Ind, Engineering Service, Engineers & Fabricators, Engineers Control, Engineers Motor Truck, England Corsair, Engle Hambright & Davies, Engle Well Service Co, Englefield Oil Co, Englehart Corp, Englewood Hospital, Englewood Tire Distributors, "Englewood, City of", English China Clays, English Hills Ranch, English Trucking, Engraph, Enid Grp Homes, Enj Solutions, Enjet, Ennis Business Firms, Ennis Business Forms, "Ennis, City of", Enns Packing Co, Ennvironmental Landscrape, Enplus, Enron Corp, ENSCO Intl, Ensign Emblems, Ensign Oil & Gas, Enspira Corp, ENT Associates, Entelligence, Entercorn Comm, Enterprise Care Rental, Enterprise Grp, Enterprise Management, Enterprise Works, Entertainment Brokers, Enthone-Omi, Enthone-Omi/Long Bch, Entranco Engineers, Entravision KBNT TV, Entravision KYER & KVYE TV, Entropic Processing, Entropy Inc, Envirite Corp, Enviro Business, Enviroguard, Enviromental Management Corp, Environmental Chemical Corp, Environmental Coatings, Environmental Graphic Design, Environmental Landscrape, Environmental Resource Mgmt, Environmental Science & Eng, Environmental Testing/Consult, Envirosource, Envirotest, Envirotest Systems Corp, Envisions-McAllen RBCS, Enzymatic Therapy, EOH Industries, EOS Grp, EP Gerber & Sons, EPCO Carbon Dioxide Products, EPE Technologies, Epes Carriers Inc, EPI Printers, EPI Technologies, Epic Industries, Epic Medical Inc, EpicEdge, Epilepsy of Central Florida, Episcopal Church of N CA, Episcopal Homes, Episcopal School of Dallas, EPK Inc, Epoch Group, EPP Inc, Epstein Becker & Green PC, Epyx Inc, EQE Inc, Equant Mktg Grp, Equiable Securities Corp, Equifax, Equinox Grp, Equipment Resale, Equipto, Equitable Bag Co Inc, "Equitable, The", "Equitable, The (Emp Of)", Equitec Financial Grp, Equitrac Corp, Equity Corp, Equity One, Equity Residential Properties, Equity Technologies, EquityRE, Equus Computer Systems, ER Carpenter Co, ER Doc, ER Jahna Industries, Erapmus, ERBA, ERE Yarmouth, Ergo Science, Eric Electronics, Eric Nelson News, Erickson Transport, Ericsson, Ericsson Intl, Erie Construction, Erie Haven, Erie Metro Parks, Erie Mfg, Eriks Delicafe, Erin Engineering & Research, Erisa Design System Admin, ERM Employee Ben Pln, Ermico Enterprizes, Ernest & Julio Gallo, Ernest P Breaux Electric, Ernie Davis & Sons Mechanical, Ernst & Young, Ernst Enterprises, Ernst Winter, Erols Internet, ERoom Tech, ERS Intl, Erthal Oil, ERTL 451, Ertl Co, ES Merriman & Sons, Escagenetics Corp, Escamilla, Eschberger Farms, ESCO Laminating Texas, Esco Transportation, Escobar & Assoc, Escondido Ready Mix, "Escondido, City of", ESCORP, ESE/QST, ESI America, ESIG/Cal-Pac Roofing, ESIS, ESIS (Emp Self Ins Svc), Eskaton Properties, Eskay Screw Corp, Eskridge Oldsmobile Co, ESLU Inc, Essar, Essco Grp Management Inc, Esselte Pendaflex, Essex, Essex Plaza Mgmt, Estate of HH Coffield, Estee Lauder Companies, Estep Chevrolet Buick, Estero Municipal Improvement Dist, Estero Municipal Improvement Dist-Board, Estey Corp, Estrats, Estwing Mfg, ET Mobile Imaging, Etan Industries, Etegrity, ETI, Etiwanda School Dist, "Etna, City of", Etoile ISD, Eton Properties, Etranco, ETS Enterprises, ETV Inc, EUA Air support, Eubanks Bohnn Assoc, Eugene Burger Management, Eugenia Dan, Eula ISD, "Euless, City of", Eunice Regional Medical Ctr, Eureka Chemical Co, Eureka College, Eureka Foundry Co, Eureka Housing City Authority, Eureka Union Schl Dist, "Eureka, City of", Euro Assistance, Euro RSCG Worldwide, Euro Tech Kitchens, Eurocross, Europ Assistance, Europa Northern Star, European American of NY, European Assistance, Euroseguros Sa, "Eustace, City of", Eutectic Corp, EV Benefits Mgmt, EV Environmental Inc, Evana Automation, Evangelical Covenant Church, Evangelical Free Church of Amer, Evangelical Friends Church, Evangelical Luth Church, Evangelical Presbyterian, Evans & Assoc, Evans & Dixon, Evans Delivery, Evans Food Products, Evans Furs, Evans Hotels, Evans Industries, Evansgroup, Evansville Vand School, Even Crandall Wade Lowe & Gat, Event Marketing Grp, Ever Ready Pin, Everbrite, Evercon Engineering, Eveready Battery Co, Everest National Ins, Everett Alvarez High School, Everglades Federal Credit Union, Evergreen Admin, Evergreen Environmental, Evergreen Int'l Aviation, Evergreen Retirement Comm, Everhard, Everhealth, Everlast Fitness MFG, Everycontractor, EVI Audio, Evi Weatherford, EVSX, EW Brown Motors, EW Johnson Co, Ewal Manufacturing, EWI Inc, Exall Warren Derby, Exar Corp, Excaliber Cable, Excalibur, Excalibur Cable Comm Ltd, Excalibur Holding, Excel Grp, Excel Imaging, Excel Transportation, Excell Agent Svcs, Excell Color Graphics, Excelsior Farms, Exchange Bank, Exchange Park Shell, Executive Affiliates, Executive Health Grp, Executive Health Plan, Executive Industries, Executive Life, Executive Mgmt, Executive Security, Executive Systems Grp, Executive Ware, Exel Management Assoc, Exis Inc, Exogen, Expeditor Intl, Expert Security, Exploration Supply, "Exploratorium, The", Explosives Technology Intl, Expo Registration, Export Packaging, Express, Express Bill Review, Express Freight Systems, Express Lane Professional Auto, Express Linens, Express Maintenance Svc, Express One, Express one Mortgage, Express Personnel Svcs, Expresscare, Expresso, Ext Sys & Svcs, Extel/JWP Information Sys, Extended Stay America, Extracorporeal Alliance LLC, Exxon Energy Chemicals, Eye Assoc of Central TX, Eye Care Assocts of Las Cruces, Eye Technology, Eyemart Express, Eyesight Assoc of Middle GA, EZ Communications, EZ Packaging Graphics, EZ Talk Communications, Ezzell Trucking, F Dohmen Co, F Street Corp, F W Contractors Inc, F&C Wild Flavors, F&G Transport F/D, F&M Mafco, F&M Mechanical, F&T Farm Labor, FA Davis, FA Richard & Assoc, FAB, Fab Tec Industries, Fabcon, Fabri Kal Corp, Fabricon Intl, Fabricut, Fabriko, Fabritec Intl, Fac Realty Trust Inc, Faces HP Gulesserian MD, Facilitate Health Fac Consult, Facilites Performance Grp, Facilities & Svcs Corp, Facilities Performance Grp, Facilty Staff Relations, Facing History & Ourselves, FACS For Offices, Factory Builder Stores, Factory Stores of America, Factual Data, Fadler Co, Fado Pubs, Failure Analysis Assn, Fair Employment & Housing Commission, Fair Oaks Fire Dist, Fair Oaks Hospital, Fair Political Practices, Fair Trade Corner, Fairbank Morse Pump, Fairbanks Hospital, Fairbanks Trucking, Fairchild A16, Fairchild AIG, Fairchild Aircraft, Fairchild Bay Community Club, Fairchild Corp, Fairchild Fastener Grp, Fairchild Medical Center, Fairchild NJ Liability, Faircloth Construction, Fairfax Farms, Fairfax Opportunities, Fairfield Bay Comm Club, Fairfield Communities, Fairfield Development, Fairfield Mfg, Fairfield Publishing, Fairfield Redevelopment Agency, Fairfield Store, Fairfield Trucking, "Fairfield, City of", Fairhaven Industries, Fairhaven Insurance, Fairhaven Memorial Park, Fairhaven Power, Fairleigh Dickinson Teaneck, Fairmont Management Co, "Fairview, City of", Fairway Chevrolet, Fairway Development, Fairway Molds, Fairway Transport, Fairytales PreSchl, Faison Ins Assn, Faison Management, Faith Community Hospital, Faith Farms, Faithco, Faithful & Gould, FALC, FALCO, Falcon Cold Forming, Falcon Express, Falcon Foam Manufacturing, Falcon Interest Realty Grp, Falcon National Bank, Falcon Products, Falcon Steel, "Falfurrias, City of", Falick Klein Ptnrshp, Falick Rudy Partnership, Falk Integrated Tech, Faller Management, Fallers Food, Fame, Family Dental Clinic, Family Express Corp, Family Fare, Family Fitness Ctrs, Family Focus, Family Foods of Plano, Family Guidance Centers, Family Health Plan, Family Hlth Plans of Ohio, Family Inns of America, Family Medical Ctr, Family Medicine of Mt Pleasant, Family Planning, Family Planning of Shasta, Family Podiatry of DeKalb, Family Practice Assn, Family Restaurants, Family Snacks, Family Stations, Family Support Services, Family YMCA of the Desert, Famtec Intl, Fancor, Fandeli Intl, Fannie L Mitchell TX, Fanno Saw Works, FAPSE, Far East Pearls, Far Northern Reg Ctrs, Faraday Div of Dela Rue, Farallon Communications, Farella Braun & Martel, "Fargo, City of", Farm & Home Publishers, Farm Tractor & Service, Farmer & Merch Bank Long Beach, Farmers, Farmers & Mechanics Mutual, Farmers & Merch Bank Lng Bch, Farmers & Merchants Bank, Farmers & Merchants Bank & T, Farmers Cheese, Farmers Coop Elevator Co, Farmers Cooperative Bus, Farmers Equipment, Farmers Ins, Farmers Ins Group (Emp), Farmers Lane Foods, Farmers Rice Coop, Farmers State Bank, "Farmersville, City of", Farmland Corp Ben Consulting, Farmland Industries, Farmland Service Coop, Farrell Cooper Mining Co, Farris Point of Sale Inc, Farwell ISD, "Farwell, City of", Farwest Adjusting, Faschek, Fashion Inst of Technology, Fast Delivery Messenger Svc, Fast Fabrications, Fast Heat, Fastronics Inc, Fastsigns, Faulkner Color Lab, Faulkner Dealerships, Faulkner Univ, Faus Grp, Fauxstone, Favorite Plastics, Faxxon Legal Infomation Svcs, Fayette Cnty Appraisal Dist, Fayette County Co-op, Fayette Mem Hospital, "Fayetteville, City of", FBC Industries, FBI Buildings, FC Kingston, FCC Commercial Furniture, FCI Contractors, FCL, FCR Inc Plan 1 & 2, FDIC, Fearless Ferris Wholesale, Feather Crest Farms, Feather Falls Casino, Feather River Construction & Devel, Feather River Hospital, Feather Siding, Feather Water Dist, Feathercrest Farms, Featherlite Vantare, Featherlite Vogue, Fedders Corp, Federal APD, Federal Assist, Federal Co Helper 950, Federal Companies ETAL, Federal Computer Sr, Federal Coop Inc, Federal Date Corp, Federal Deposit Ins, Federal Employees, Federal Express, Federal Farm Credit Banks Fndg, Federal Financial Mortgage, Federal Govt, Federal Home Loan Bank, Federal Home Products, Federal Ins, Federal Mogul Corp, Federal Motors, Federal Pipe & Steel Corp, Federal Reserve Bank, Federal Reserve Bank Atlanta, Federal Reserve Bank Dallas, Federal Reserve Bank SF, Federal Sign, Federal Signal Corp, Federal Signal Florida, Federal Signal Georgia, Federated Consumers Assoc, Federated Dept Stores, Federated Liability, Federated Libility, Federated Mutual Ins Co, Federated Stores, Federated Svc Ins Co, Fedex, FEHB, Feiereisen, Feist Publications, Felderman Construction, Felician College, Feliciana Corp, "Felix Cohen Co, The", Felker Brothers, Fellowship of Christian Ministers, FEMI Intl, FEMI Intl Ltd, FEMI Medical Svcs, Fend All, Fendrich Industries, Fenn Dryer & Elevator, Fenner Fluid Power, Fenton & Keller, Fenton High School Dist, Feralloy Reliance Co LP, Ferber Ferbco Industries, Ferguson Construction, Ferguson Mgmt Co, Fermata, FermPro, Fern Valley Water Dist, Fernando A Zumudio MD, Fernandos Foods, Fernbank Inc, Fernlea Nurseries, Ferrari of Houston, Ferrell Gas, Ferring Pharmaceuticals, "Ferris, City of", Ferro, Ferro Union, Ferry Morse Seed Co, Ferry Transportation, Fertilizer Co of Arizona, Fertiz, Fesco Inc, Festo Corp, Fet Test, FFC Limited Partnership, FFIC, FG Wilcox, FGC, FGIC, FGIU, FH Necessary & Son, FH Uelner Precision Tool & Die, FHC Management, FHCA, FHP Inc, FHP Mgmt Svcs, FHS Colorado, FI Mgmt, Fiat Allis North Amer, Fiber Chem, Fiber Recycling, Fiberflex Inc, Fibermark, Fiberpine, Fibre Form Co, Fibro, Ficks Reed Co, Fidelity & Deposit, Fidelity Express Money Order Co, Fidelity Federal Svgs, Fidelity National Title Ins Company, Fidelity Natl Corp, Fidelity Natl Financial, Fidelity Natl Title Ins, Fidelity One Mortgage, Fidelity Security, Fidelity Security Life, "Fidlar Company, The", Fidler Concrete, Field Effect Transistors, Field Paoli Architects, Field Teleconns, Fieldcrest Cannon, Fields Aircraft Spares, Fiest Hardwoods, Fiesta Foods, Fiesta Mart, Figgie International, Figi Graphics, Filburn Backhoe Svc, Filco Inc, Fillmore Center Assoc, Fillmore Piru Citrus Assoc, Fillmore School Dist, Fillmore USD, Filoli Center, Filter Specialists, Filter Supply, Fimbres Adjustors, Finan White & Paetzold, Finance Ctr Fed Credit Union, Financial Alternative Leasing Corp, Financial Collection Agency, Financial Information, Financial Inst Emp Ben Trust, Financial Mgmt Investment, Financial Network Investment, Financial Svcs, Financial World, Finca Intl, Fincher Fire Protection, Findlay Industries, Findlay Univ, Fine Art Lamps, Fine Arts Engraving, Fine Host Corp, Fine Hotel Corp, Fingerhut Corp, Fingerpaints, Finish Line, FinishMaster, Finlay Industries, Finley McNary Engineers, Finnair, Finnigan Corp, Finns JM & J Ins, Finser Corp, Fire Equipment Repair Co, Fire Glazed Ham, Fire King Intl, Fireboard Corp, Firefighters of Boca Raton, Firelands Kitchen Co, Fireline, Fireman's Fnd, Fireside Distributors, Firm Solutions, First Agency, First Arizona Savings, First Assembly Christian Life, First Assist, First Aviation Federal C/Union, First Bancshares of TX, First Bank of Berne, First Bank of Southwest, First Bank Southwest NA, First Bank Systems, First Baptist Church, First Baptist Church Grn Bayou, First Baptist Church of Atlanta, First Baptist Church of Hackensack, First Benefits Agency, First Brokers Securities, First CA Capital Markets Group, First Capital Bank, First Capital/First Property Mgmt, First Care, First Care Walk in Medical Grp, First Charter Properties, First Chemical of Texas, First Christian Church, First City Financial, First Claiborne Bank, First Coastal Intermodal Serv O/O #91, First Commerce Bank, First Commercial Bank, First Commercial Bank/Chicago, First Community Bank, First Computer, First Consulting Grp, First County Bank, First Decatur BancShares, First Dist Dental Society, First Empire State Corp, First Extended, First Family of Travel, First Federal, First Federal Bank for Savings, First Federal S&L of San Rafael, First Federal Savings & Loan, First Fidelity Bancorp, First Financial Bancorp, First Fleet, First Florida Banks, First Health, First Health Wisconsin, First Hosp Corp-Horsham, First Ins Co of HI, First Madco, First Marin Realty, First Merit, First Merit Bank, First Miami Securities, First National Bank, First National Bank Brookings, First National Bank Haskell, First National Bank Jacksboro, First National Bank of Fabens, First National Bank of Fremont, First National Bank of Mertzon, First National Bank of Miami, First National Bank of Monahans, First National Bank of Tahoka, First Nationwide Bank, First Natl Bank, First Natl Bank of Athens, First Natl Bank of Brownfield, First Natl Bank of Lamesa, First Natl Bank of Mertzon, First Natl Bank of Monahans, First Natl Bank of New Mexico, First Natl Bank of Polk Cnty, First Natl Bank of Rotan, First Natl Bank Trust, First Network S&L, First Nevada Ins, First Option of Chicago, First Piedmont, First Presbyterian Church, First Republic Bancorp, First Republic Bank, First Security Banks, First Security State Bank, First Service Bank, First South Bancorp, First South Bank, First Southwest Co, First Standard Mortgage, First State Bank, First State Bank of Happy TX, First State Bank of Palos Hill, First State Bank of Uvalde TX, First State Bank Paint Rock, First Supply Grp, First SW Diversified Partners, First Time Homebuyers, First Union Investment, First Union Real Estate Management, First United Natl Bank & Trust, Firstsite Staffing, Fischer Imaging, Fischer Plumbing, Fischer USA, Fischner Lime & Cement, Fisher Barton Inc, Fisher Controls, Fisher Hamilton Scientific, Fisher Printing, Fisher Titus Medical Ctr, "Fisher, County of", Fitch Plastering, Fitech, Fitel Lucent Tech, Fitness Center, "Fitness Co, The", Fitness Connection, Fitness Mgmt Corp, Fitness Quest, Fitz & Smith, Fitzgerald Water Light & Bond, FitzSimmons Lumber, Five Rivers Metroparks, Five Rivers Orthopaedics, Five Rubber, Five Star Consolidated LTD, Five Star Foods, Five Star Paint & Drywall, FJ Design, FK Foundries, FL Smithe Machinery, Flag Limited, Flagler County Brd of Comm, Flagler Hospital, "Flagler, County of", Flamedco, Flamingo Hotel, Flanagan & Wiley, Flanco Gasket & Mfg, Flanders Filters, Flanders Precision Aire, Flash Oil Co, "Flathead, County of", Flatonia ISD, "Flatonia, City of", Fleet Acquisition, Fleet Boston, Fleet Shipping, Fleet Windshield Svcs, Fleetwash Inc, Fleetwood Enterprises, Fleetwood Homes of CA, Flehr Hoh Bach Albritton & Herbert, Fleming, Fleming & Allen, Fleming & Assoc, Fleming Co General Merch & Food Div, Fleming Foods, Fleming Package, Flender Corp, Fletcher Dairy, Fletcher Oil Co, Flex Corp, Flex Star Corp, Flex Technologies, Flexflab Horizons Intl, Flexible Steel Lacing Co, Flexible Technologies, Flexis Control Incorp, Flexon Inc/Hexon Inc, Flexonics, Flexpaq Corp, Flexsteel Industries, Flextronics, Fliesler Dubb Meyer & Lovejoy, Flight Options, Flight Safety Service, Flint Odyssey House, Flippin Eye Care, Flir System, FLO CO2 Inc, Flo Pac Corp, Flo Serv, Flomet, Floor Covering Ind Wlfr Pln, Floorworks, Floramore, Flordia Credit Union League, Flores MBE Technical Svcs, Florida 1st, Florida A&M Univ, Florida Assn of America, Florida Atlantic Univ, Florida Auto Wholesellers, Florida Cardiology & Nuclear, Florida Comm Clg, Florida Community, Florida Credit Union League, Florida Dental Assn, Florida Dot Dist 3 Credit Union, Florida Elks Property Bd, Florida Environmental, Florida Favorite Fertilizer, Florida Fruit & Vegetable, Florida Institute Cert Pub Accnt, Florida Intl Univ, Florida Keys Aqueduct, Florida League of Cities, Florida Mem Clg, Florida Millwrights, Florida Movers & Warehouseman, Florida Natl Clg, Florida Plywoods, Florida Radiology Assoc, Florida Rental Assoc, Florida Society of Ambulatory Sur, Florida State University, Florida Sun Publications, Florida Temp, Florida Trowel Trades Hlth, Florion County Water Dist, Florist Transworld Delivery, Florists Transworld Delivery, Florstar Sales, "Flousiant, City of", Flow Dynamics, Flow General (Semi-Fab), Flow Intl, Flower Bucket, Flowers Construction Co, "Flowood, City of", Floyd Sims Pipeline Construction, Floyd Valley Hospital, Floydada Housing Authority, Floydada ISD, Fluid Equipment, Fluid Packaging Co, Fluid Power Industries, Fluid Recycling, Fluoroware, Flying H Transportation, Flynn Mgmt Corp, Flynn Ready Mix, Flynt Fabrics, Fmali Herb Co, FMC Corp, FNB Bryan, FNB Granbury, FNB Lake Jackson, FNB Whitewright, FNX Limited, Foam Design, Foam Rubber Products, Foamex LP, Focus Legal Sys Corp, Focus Rehabilitation, Foertsch Construction Co, Fogg Ins, Fogg Travel Ins Svcs, Foley & Assoc Construction, Foley Pattern Co, Foley Tractor Co, Folgate Ins, Folger & Levin, Folksamerica Hldg Co, Folsom Cordova Unif Schl, Folsom Emerg-Police/Fire, Folsom Lake Ford, Fond Du Lac Regional Clinic, Fontana Foundry, Fontana Paper Mills, Fontana Unif Schl Dist, "Fontana, City of", Food 4 Less, Food Circus Supermarkets, Food For The Hungry, Food Fusion, Food Marketing Institute, Food Sales West, Food Service Concepts, Food Service of Tallahassee, Food Service Supplies, Food Services of Amer, Food Wholesalers of Amer, Foodland, Foodmaker, Foodsco, Foothill Athetic Club, Foothill Beverage Co, Foothill Deanza Comm College, Foothill Fire Dist, Foothill Fire Protection Dist, Foothill Packing, Foothills Credit Union, Force Computers, Force Energy, Ford, Ford (LA Parts Dist), Ford Meter Box Co, Ford Motor Co, Ford UAW, "Ford, County of", Forde Johnson Oil Co, Fords Redi Mix, Fore Sys, Foree Tire, Foreign Mission Div, Foreign Svc, Forell/Elsesser Engineers, Foremost Packaging, Forerunner AG LLC, Forest Club, Forest Construction, Forest County Potawatomi, Forest Perserve of Will Cnty, Forest River, Foresthill Public Utility, Foresthill School Dist, Forestry & Fire Protectection Dist, Foretravel Inc, Forged Products, Form Corp, Form U Lab, Formica Corp, Formosa Food, Formost Inc, Formost Packaging, Forrest Hills Baptist Church, Forrest Tire Co, Forsenic Financial Consult, Forsgren Assoc, Forsheda Twinsburg, Fort Bend Indep School Dist, Fort Bragg Fire Protection Dist, "Fort Bragg, City of", Fort Dodge Asphalt, Fort Duncan Med Ctr, Fort Edward Express, Fort Hancock ISD, Fort Hill Construction, Fort Lewis College, Fort McDowell Indian Community, "Fort Myers Bch, Town of", Fort Myers Beach Fire Control, Fort Ord Federal Credit Union, Fort Recovery, Fort Sam Houston ISD, Fort Sam Houston Pub Wrks, Fort Sanders Reg Med Ctr, Fort Sanders Sevier, Fort Scott Comm, Fort Valley, Fort Wayne Foundry, Fort Wayne Orthopedics, Fort Wayne Plastics, Fort Wayne Pools, "Fort Wayne, City of", Forta Fiber Cement, Forth's Food, Fortress Tech, "Fortuna, City of", Fortune, Fortune Plastics, Forture Ins Co, Forum Corp, Forum Hotel Shehzen, Forum Svcs, Forward Air Svcs, Foster Assoc, Foster Chevrolet, Foster Dairy Farms, Foster Farms, Foster Metal Products, Foster Needle, Foster Ousley Assoc, Fosters Air Conditioning & Heat, Fostex Corp of America, Foudy CPA Grp, Foundation Hlth Corp (Emp), Foundation Steel & Wire, Founders Federal Credit Union, Foundry Service, Fountain Powerboats, Fountain Suites Hotel, Fountain Valley Reg Med Ctr, "Fountain Valley, City of", "Fountain, County of (IN)", FountainGlen Properties, Fountainhead Admin, Four B Inc, Four Boy Oil Co, Four C Solutions, Four Cnty Comprehensive, Four Corp, Four County Counseling Ctr, Four R Industry Supply, Four Rivers Resource Svcs, Four Seasons Grp, Four Seasons Herb, Four Seasons Hotels Ltd, Four Seasons Housing, Four Seasons Produce, Four Seasons Travel, Fournier Furniture, Foursguare Missions Intl, Fourway Daycare, Fowler Products, Fowler USD, Fowler White Gillen Boggs Villar, Fox & Carskadon, Fox Discount Furniture, Fox Everette Inc, Fox Inc, Fox Jewelers, Fox Liberty Network LLC, Fox Photographics, Fox Point Sportwear, Fox River Mills, Fox Road Marina, Fox Valley Corp, Fox Valley Painters, Foxboro Co, Franchise Tax Board, Francis Charsley, Francis Drilling Fluids, Francis Howell Schl Dist, Franciscan Restaurant, Francois Schwarz, Frank Brunckrost, Frank Capurro & Sons, Frank Gates Svc Co, Frank J O'Connor Attorney at Law, Frank J Siracuss & Son, Frank Miller Lumber Co, Frank Parsons Paper, Frank Sherman Co, Frank Smith Trucking, Frank Spengers, Frank W Murphy Mfg, Frankfort Electric & Water Plant Board, Frankfort Police, "Frankfort, City of", Franklin Board of Ed, Franklin Co, Franklin Electric, Franklin Electrofluids, Franklin Engine & Parts, Franklin Equipment, Franklin Essex Hamilton, Franklin Foundation Hospital, Franklin Graphics, Franklin Industries, Franklin Intl, Franklin Ophthalmic Investments, Franklin Resources, Franklin Township, Franklin Vending Service, Franks Casing Crew & Rental To, Franks Fuels, Franks Vending Service, Frankston Paper Box, "Frankston, City of", Frans Hamburgers, Franson Oil, Fraterbak Program, Fraternal Order of Police, Frattone Construction, Frazee Tate & Assoc, Frazier Industrial, Fred G Walter & Son, Fred Handel, Fred Stevens Tree Co, Freddie Marasigan MD, Frederic Head Agency, Frederick Derr & Co, Frederick N Hanson MD, "Fredericksberg, City of", Fredia E Soukup, Fredman Brothers, Fredonia State Bank, Freds Gun Emporium, Freds Inc, Free Flow Packaging, Free Methodist Church, Freedom Arms, Freedom FCU, Freedom Financial Mortgage, Freedom Grp, Freedom Imaging, Freedom Life Ins, Freedom Mortgage, Freedom Plan, Freedom Plastics, Freedom Plz at Sun City, Freedom Power Sys, Freedom Square, Freehold Cartage, Freehold Cliffside Nursing, Freeport School Dist, Freeport School Dist #145, Freeport Transport, "Freeport, City of", "Freer, City of", Freese & Gianelli, Freeway Ford (Sax West), Frei Bros Ranch & Winery, Freight All Kinds, Freightliner Trucks of S Florida, Freitag Modern Cleaners, Fremont Beverages, Fremont Forest Products, Fremont Indemnity Co (Emp), Fremont Ins Grp (Emp Of), Fremont Office Equipment, Fremont Underwriters, Fremont Unified Schl Dist, "Fremont, City of", French Gerleman, French Laundry, French Oil Mill Machinery Co, Frenchtown Public Schools, Frenchys Cafe, Frequency & Time Sys, Fresenius USA, Fresh Express, Fresh Mark, Fresh Start Movers, Fresh West, Fresno Assoc-CSU, Fresno City College, Fresno City Emp H&W Fnd, Fresno Cnty Economic Oppty Comm Hlth Pln, Fresno County Law Library, Fresno Irrigation District, Fresno Pacific College, Fresno Surgery Ctr, Fresno TKV, Fresno Truck Ctr, Fresno Unif Schl Dist, Fresno Values & Castings, "Fresno, City of", "Fresno, County of", Fresno-Madera Agency on Aging, Fretwells Ethan Allen, Freudenberg Nonwovens Limited, Frey Inc, FRFC Springfield, Frianor USA, Friant Water Users Authority, Frick Services, Friction Material Co, Friday Canning Corp, Friden Alcatel Corp, Friden Hotel Co, Friden Neopost, Friedkin Companies, "Friedman Co, The", Friedman Glassman Silverman, Friedman Industries, Friedrich Air Conditioning, Friendly Chevrolet, Friendly Ice Cream, Friends Motor Supply, Friendship Dairies, Friendswood ISD, Frigidaire, "Friona, City of", Frisco Baking, Fristam Pumps Inc, Frito Lay, Fritz Companies, Frizzell Construction Co, FRM Svcs, Fronks Mountain Drilling, Frontier Express, Frontier Kemper Constructors Inc, Frontier Leasing, Frontier Transport Corp O/O #938, Frontier-Kemper Constructors, "Frost, City of", "Frostproof, City of", Frozen Food Express Ind, Frozen Specialities, FRS Inc, Fruitridge Fire Protection Dist, Fruitvale ISD, Fruth Pharmacy, Fry Steel, Frye Tech, FSH Employee Credit Union, FSIA, FSIA/ZA, FSU Credit Union, Ft Bliss Fed Credit Union, Ft Lauderdale Cardinal Gibbons, Ft Lauderdale St Thomas Aquin, Ft Lauderdale Westminister Aca, Ft Meyers Bch Fire Control, Ft Myers Christian Schl, Ft Myers Evangelical Christian, Ft Valley State Clg, FTA Enterprises, FTI Consulting, FTN of Tarpon Spgs, Fuchs Systems, Fuel West Co, Fugleburg Koch Architechs, Fuji Industries, Fuji Vegetable Oil, Fujikoki America, Fujisawa USA, Fujitec America, Fujitsu, Fujitsu Systems of Amer, Fukuda Denshi Am, Fukutomi Farms, Fulbright & Jaworski, Fulfillment Systems, Full Faith, Full Sail Recorders, Fuller Johnson & Farrell PA, Fuller Transfer, Fullerton College/Athletic Acc Ins, Fullerton CSU Assoc Students, Fullerton Police Aca/Athletic Acc Ins, Fullerton School Dist, Fully Insured, "Fulton Companies, The", Fulton Industries, Fulton Law Firm, "Fulton, City of", Fulton-El Camino Recreation & Park Dist, Functional Pathways TN, Furman Selz Inc, Furman Univ Girls, Furniture & Industrial Crpntrs Hlth, Furr's Supermarkets, Furrs Bishop Inc, Furst McNess, Furuno USA Inc, Fusion, Fusion Ceramics, Fuss & O'Neill, Futronix, Future Ford, Future Graphics LLP, Future Point Admin Svcs, Future Tool & Die, Futurekids, "Futures Group Intl Inc,The", Futures Mgmt, Futurex Industries, FVA Inc, FW Contractors, FX Coughlin Co, Fynn Sabatino & Day, FYR Fyter Sales & Svc, G Carter Construction, G Greenstreet, G Hinojosa Produce Co, G Kopanzna, G Tremblay, G Wesley Clark MD, G&B Marine, G&C Foundry, G&C Meyer Farms, G&D Transportation, G&G Electric & Plmbg Dist, G&G Glass, G&G Hotel Investors, G&G Oil Co of Indiana, G&L Tool Co, G&M Transmission, G&R Felpausch, G&R Refrigeration, G&RG Trucking, G&S Typesetters, G&W Engineers, G-Tel, G2 Research, GA Specialty Assoc, GAA Oil, Gab Business Svcs, Gab Palace Hotel, Gab Robins North America, Gabor Agency, Gadsen Elementary School, Gaeden Enderby & Co, Gage Brothers Concrete Prod, Gage Corp, "Gaines, County of", Gainesville Foundry, Gainesville Products, "Gainesville, City of", Gainey Ranch Comm Assoc, Galactic, Galatian Inc, Galaxy Scientific Corp, Galbraith Electric, Galbreath, Galena Farmers Exchange, Galena ISD, Galena Park Schools FCU, Galesburg School/Comm Unit Schl 205, Galey & Lord, Galion City SD, Gallagher American Excelsior, Gallagher Benchmark Mgmt, Gallagher Braniff, Gallagher Crown Fixtures Tonka, Gallagher Diocese of Victoria, Gallagher Federal Signal Corp, Gallagher Florida Firefighters, Gallagher Gadzooks, Gallagher Grp, Gallagher Gulf Publishing, Gallagher Keystone Foods, Gallagher McNichols Co, Gallagher Monroe Cnty Schl, Gallagher Mueller Ind, Gallagher Petro Source, Gallagher Servant Corp, Gallagher Welsh, Gallagher Woodsmall, Gallatin Medical Clinic, Gallatin Steel, Gallaudet Univ, Galle Svcs, Gallenberg Equipment, Gallery 10, Gallery Graphics, Gallet & Associates, Gallett & Assoc, Galliano Marine, Gallins Vending Co, Gallipolis Daily Tribune, Gallo Equipment Co, Gallo Glass/Sales/Wine Cp, Gallo Hlth Benefit Plan, Gallo Wine Sales of NJ, Galloway Co, Galloway Johnson Tompkins & Burr, Galloway Township, Gallup Organization, Galveston Cnty FWSD 62, Galveston Cnty Muni, Galveston Cnty WCID 192, "Galveston Fed Crdt Union, City of", Game Financial Corp, Games Court Svcs, Gamma Contruction, Gammage & Burnham, Gamroth Enterprises Inc O/O 946, GAN, Gan Mister Ins Grp, Gan National, Ganado Painting & Wallcovering, Ganado Unified School Dist #20, "Ganado, City of", Gandy Staley Oil Co, Gane Production, Gannett, Gans Ink & Supply Co, Gant Travel, GAP Supply, "Gap, The", Garb Ko, Garban LLC, Garber Industries, Garcia Corp, Garcourts Gallery, "Garden City, The", Garden Grove Unif Schl Dist, "Garden Grove, City of", Garden Grow Co, Garden Haven Nursery, Gardenland Center, Gardin & Silver, Gardner & White, Gardner Advertising Co, Gardner Co, Gardner Communication, Gardner Denver, Gardner Rossi Co, Gargiulo Company, "Garland Co, The", Garland Htg & Air Cond, Garland Mfg, Garner ISD, Garrett Assoc, Garrett Brothers Inc O/O 930, Garvey School Dist, Garvey Vineyard Mgmt, Gary B Williams DDS Ltd, Gary Muffler & Brake, Gary Seghi DC, Gary Steel Products Corp, Gary Walton Graphics, "Gary, City of", Garza Mem Hosp, Gas City Ltd, Gas Incorporated, Gas Turbine Svc, Gasket Service, Gaskil Pharis & Pharis, Gaston Memorial, Gastrointestinal of Cleveland, Gate Mold, Gates McDonald & Co (Emp), Gateway Ctr of Monterey, Gateway Foods, Gateway Freight Svcs, Gateway Intl Reinsurance Allian, Gateway Mannesmann Capital, Gateway Milling Co, Gateway Union Ctrl Life Ins Co, Gatling Chapel, Gatx Financial Svcs, Gatx Inc, Gauntlet Inc, Gavilan Comm College Dist, Gay Gillen Travel, Gayle Manufacturing, Gaylord International, Gazette Co, GB Coil, GBS Corp, GC Services Ltd, GCR Truck Tire Centers, GCS Service Inc, GDE Sys (Act/Retire<65), Gdrec, GE (General Electric), GE Capital Fleet Svcs, GE Financial Assurance, GE Health Plan, GE Johnson Cnstrn, GE Warren Co, GEA Inc Dayton Plastics, GEAC Computers, Gearn Industries, Geary Pacific, Gec Marconi Avionics, GEC USA, Geerlings & Wade Inc, Geest, Geffen Records, "Gehl Group, The", Gel Spice Co, Gel Technologies, Gelock Transfer, Gelsar (A CA Ltd Partners), Gelt Paddison & Zinn PC, Gem Transportation, Gemco of Port Lavaca, GEMI, Gemini Industries, Gen Diesel, Gen Probe, Gene Billingsley Construction, Gene M Jesse Inc, Gene Messer Ford, Genelco, Genentech, General Acceptance Corp, General Accident, General Accident North, General Accident South, General Alum & Chemical Co, General Aluminum Corp, General American Window, General Automotive Mfg, General Business Sys, General Car & Truck Leasing, General Cellular Corp, General Cellular Intl, General Clinic of Birnamwood, General Conf 7th Day Adventist E Div, General Conf 7th Day Adventist W Div, General Conf InterAmerica Div, General Credit Forms, General Data Comm Ind, General Dentistry Assoc, General Dyn Space Sys Div, General Dyn Valley Sys Div, General Dyn-Data Systems, General Dynamics, General Electric (GE), General Electric Trans Svc, General Emp Trst Fnd, General Engineering, General Erectors, General Exhibits & Displays, General Foods Corp, General Growth Mgmt, General Growth Products, General Growth Properties, General Hotels Corp, General Instruments, General Insulation, General Mills, General Monitors, General Motors, General Motors CPC-Van Nuys, General Motors Svc Parts, General Offshore, General Offshore Corp, General Packaging, General Parts, General Paving, General Photographic Resoures, General Physics Svcs, General Plumbing Supply, General Produce, General Rehabilitation Svc, General Research & Svc Corp, General Semiconductor, General Shale Products, General Shelters of TX, General Synod of the Reform, General Taste Bakery, General Telecom, General Tool Co, General Trading Co, General Waste, Genertek, Genesco, Genesee Medical Grp, Genesee Stampings, Genesee Valley, Genesis, Genesis Fruit & Vegetable, Genesis Health Plan, Genesis Health System, Genesis Inc, Genesis Marketing Grp, Genetics Institute, Geneva Corp, Genghis Kahn Furniture, Genisco Technologies, Genoa Systems, Genova Products, Gensler & Assoc, Genstar Investment, Gentech Communications, Gentek Building Products, Gentek Electronics, Gentiva Hlth Svcs, Gentry Cnty Memorial Hospital, Genuine Parts Co, Geo specialty Chemical, Geo Systems Global, Geodax Technology, Geoffrey A Smith MD FACS, "Geon Company, The", Geonex Corp, George A Bics Plumbing, George Butler Assoc, George C Fareed MD, George C Sharp, George Cantu DDS, George County Hospital, George D Watte & Sons, George Davis Manor, George Evans Corp, George F Young, George F Young of Florida, George Fox Clg-Athletic Acc Ins, George G Sharp, George Garza Cutting Svc, George H Leheitner & Co, George H Lehleitner & Co, George Knox Glass, George Koch Sons Inc, George Lasky & Co, George McElroy & Assoc, George Perry & Sons, George Plantenga, George R Robinson MD, George T Tuttle Law Offices PC, George Washington Univ, "George West, City of", George Whiting Paper Co, Georgeta Muntean, Georgetown Fire Protection Dist, Georgetown Hospital, Georgetown ISD, Georgetown University, Georgia Ads, Georgia Carolina Petoleum, Georgia Casullty & Surety, Georgia Crown Distributing, Georgia Freezer Co, Georgia Home Bldrs Assoc, Georgia Military Clg, Georgia Pacific Co, Georgia Pacific Corp, Georgia Stone Ind, Georgia Structural Stone, Georgia Tech, "Georgia, State of", Geoservices, Geotechnical Services, Geotrac, Gepco Intl, Gerald A Miller, Gerald J Sullivan & Assoc, Gerald L Ray & Assoc, Gerard Treatment, Gerawan Farming, Gerawan Farms, Gerber Scientific, Geriatric Health Services, Gerkin Materials, Gerland's Food Fair, Gerlinger Steel & Supply, German Oil, Germania Dairy Automation, Germania Farm Mutual, "Germantown, City of (TN)", Gerogetown Railroad, Gerogia School Board, Gerry Baby Products, Gerson Bakar Assoc, Gersten Construction, Gersten Mgmt Co, GESA Assist-Chicago Alarm, GESA UK, Gespac Inc, Gestetner Corp, Get A Way Farms, Gettysburg Health Admin, Geves S Kenny MD, Geyers Markets, GF Industries, GFC, GFI Group, GFT USA Corp, GG Schmitt & Sons, GGP LP, GH&G Zysling Dairy, Ghost Town Mini Mart, GI Trucking, Giannelli Electric, Giant Merchandising, Giant Records, GIBCO Pump & Supply Inc, Gibraltar Enterprises, Gibralter Steel, Gibson & Nichols CPA, Gibson Community Hospital, Gibson Dunn & Crutcher, Gibson General Hospital, Gibson Ochsner & Adkins, Gibson Pontiac, Gibson Wine, "Gibson, County of", "Giddings, City of", Gidel & Kocal Construction, Giess Brothers, Gifford Hill American, Gift & Gab, Gift Box Corp Of Amer, Giftcertificates Com, Gil Wright, Gila River Medical, Gilat Florida, Gilbert Associates, Gilbert Kelly Crowley & Jennett, Gilbert Magill Co, Gilbert Public Schools, Gilbert X-Ray Co of TX, Gilchrist County Schools, Gilette Global Ntwk, Gill Industries, Gillette Co, Gillette Stantionery, Gillette Stationery Prod, "Gillette, City of", Gilliland, Gilliland Grp, Gilman Paper Bldg Prod Div, Gilsbar Inc, Gina of California, Gindlers Depart Stores, Ging Fertilizer, Gingerbread Schls, Gingiss Formal Wear, Ginn Motor Co, Giovanni Packing Corp, "Girard, City of", Girdner Funeral Chapel, Girling Health Care, Gisa Holdings, Giselle's Travel, Gist & Gab, Git N Go, Given Investment Mgmt, GJ Sullivan, GJ Tevelde Ranch, GL Wilson, GL&V/Black Clawson-Kennedy, Glacier Carriers, Glacier Clevite, Glacier Vandervell, Glacier Water Vending, Gladding & Michel, Glade & Grove Supply, Glades Country Club, Gladewater County Line ISD, "Gladewater, City of", Glaser Brothers, Glass Equipment, Glass McCullough, Glass Wholesalers, Glasteel, Glaziers and Glassworkers, Glaziers Lcl 558 H&W Fund, Glaziers Lcl Un 588 H&W Fnd, Glaziers Trust Fund, Gleaner & Journal Publish, Gleason, Gleason Pfauter Echo, Gleason Pfauter Hurth Curting, Glen Arven Country Club, Glen Bert Corp, Glen County JPA, Glen Gery Corp, Glen Oak Lumber & Milling, Glen Reider, "Glen Ridge, Town of", Glendale Adventist Med Ctr, Glendale Federal Bank, Glendale First Church Nazaren, Glendale Holding, "Glendale, City of", Glendora Unif Schl Dist, "Glendora, City of", Glenmark & Assoc, Glenn Cnty Mosquito Abatement Dist, Glenn Co JPA, Glenn County Sheriff, Glenn Gorzeman, Glenn Growers, Glenn Lakes Prof Pharmacy, "Glenn, County of", Glenn-Colusa Irrigation Dist, Glenview at Pelican Bay, Glenwood, Glenwood Financial Grp, Glenwood School for Boys, Glico Harmony Foods, Glidewell Dental Ceramics, Glidewell Labs, Glitsch Incorporated, Global, Global Associates, Global Benefits, Global Business Solutions, Global Construction, Global Data Exchange, Global Electric Products, Global Equipment Corporation, Global Excel Mgmt, Global Excess Re, Global Grp, Global Insurance, Global Internet Commerce, Global Knowledge Network, Global Medical Mgmt, Global Missions Assoc, Global Physicians Assoc, Global Shredding Technology, Global Staff Solutions, Global Vacation Grp, Globalcare Individuals, Globalcare Scholars, Globe Amerada Glass Co, Globe Imports, Glockner Chevrolet, Gloucester Township, GM, GMP, GMS Company, GMT Corporation, GMT Intl Corp, GMW & Associates, GN Netcom, GN Nettest Laster Precision, GNS & Assoc, GNY Automobile Dealers, Go Dealer Group, Go Vegas, Goal Systems Intl, Gobbell Hays Partners Inc, Gocho Networks, GoCom, Gocom Communications LLC, Godwin Machine Works, Godwin Maduka MD, Godwin Material Svc, Godwin Plumbing, Godwin Pumps, Goetz Inc, Goetz Services, Goglanian Bakeries, Gold Bond Transport, Gold Coast Eagle Distributing, Gold Coast Joint Ben Trst, Gold Coast Medical Supply, Gold Country Hlth Ctr, Gold Group, Gold Mine Jazz Alley Casino, Gold Star Housing, Gold Star Svc Co, Gold Strike, Goldberg & Solovy Foods, Goldberg Moser O'Neill, Golden & Braselton DDS, "Golden 1 Credit Union, The", Golden Belt Feeders, Golden Casting, Golden Coin S&L Assn, Golden Cresent Reg Pl, Golden Cross Healthcare, Golden Eagle Farms, Golden Eagle Group Inc, Golden Eagle Healthcare Fund, Golden Egg Ranch, Golden Empire, Golden Flame Distributing, Golden Gate Academy, Golden Gate Bridge, Golden Gate Bridge Highway, Golden Gate Equipment of SF, Golden Gate Inn & Country Club, Golden Gate Reg Ctr, Golden Gate Restaurant Assoc, Golden Gate Univ, Golden Gems, Golden Nursery, Golden Plains Comm Hosp, Golden Rule Oil, Golden Sierra Job Training, Golden Sky Sys, Golden Slippers, Golden Spike Hotel, Golden Star Resources, Golden State Care Center, Golden State of Mutual Life, Golden Sun Feeds, Golden Triangle Plastics, Golden Valley Dairy Products, Golden Valley Farms, Golden West Industries, Golden West Restaurants, Golden West Tacos, Goldfarb Electric Supply, Goldfarb Wasson Assoc, Goldman Sachs & Co, Goldsmith & Lathrop, Goldsmith Black, "Goldsmith, City of", Goldstein Mgmt Consultants, Goleta Cemetery Dist, Goleta West Sanitary Dist, Golf Galaxy, "Goliad, City of", "Goliad, County of", Golida Housing Authority, Golin Harris Communications, Golten Marine Co, Goni Inc St Francis Hotel, Gonzales County Hospital, "Gonzales, City of", Good Earth Tools, Good Eats Restaurants, Good Samaritan Care Center, Good Samaritan Home, Good Samaritan Hospital, Good Shepherd Sports Camp, Good Staff Food, Goodless Electric, Goodman Communications, Goodman Forest Ind, Goodman Homes, Goodman Mfg Agency, Goodmans Auto Repair, Goodmark Foods, Goodrich Testing & Engineering, Goodson Newspaper Group, Goodwill Easter Seals of KS, Goodwill Florida, Goodwill Gulfstream Industries, Goodwill Industrial San Antonio, Goodwill Industries, Goodwill Industries New Jersey, Goodwill Industries of Coastal E, Goodwill Mennonite Home, Goodwill of N Louisana, Goodwill of SW Oklahoma, Goodwill Omaha, Goodwill Rappahannock Ind, Goodwill Richmond Ind, Goodwind Engineering, GoodYear Tire & Rubber, Goold Electric, Goose Creek CISD, Gordan Auminum Industries, Gordon Co, Gordon Document Products, Gordon Electric, Gordon Hosp, Gordon Lumber Co, Gordon Sevig Trucking Co, Gordon Trucking, "Gordon, City of", Goree ISD, Gorilla Foundation, Gorman Housing Authority, Gorman ISD, "Gorman, City of", Goshen Community Schools, Goshen Rubber, Goshen Sash & Door, Gospel Missionary Union, "Gosper, County of", Gospol Inc, Gotcha Intl, Gothaer Krankenversicherung, Gottsch Feeding Corp, Goudse, Goudse Verzekeringen, Gould Goodrich Leather, Government Emp Hosp Assn, Government Employee, Government Emps Hosp Assn, Government Movers Inc, Government of Guam, Governor's Office, Governors Club Development, GP Distributing, GP Plastics, GP Publications, GP Thompson Enterprises, GPD Tomadur, GPH & AT Devas Guna, GPM Life, Grace, Grace Energy, Grace Indep Baptist Mission, Grace Neumeyer & Otto, Grace Schools, "Graceville, City of", Graebel Companies, Graef Anhalt, Graham & James, Graham Family Dealerships, Graham Hospital, Graham ISD, Graham Lighting, "Graham, City of", Grahams Lighting Fixture, Grammer Industries, Granco Federal Credit Union, Grand Auto, Grand Avenue Produce, Grand Blanc Printing Co, Grand Canyon Univ AZ, Grand Central Super Value, Grand Court Lifesyles/PacWest, Grand Cru Vineyards, Grand Island Express, Grand Island Shipyard, Grand Isle Super Value, Grand Openings, Grand Premier Financial Svcs, Grand Rapids Freight Handlers, Grand Saline ISD, "Grand Saline, City of", Grand Vehicle Works Hldg, Grandeu Fastners, Grandeur Fasteners, Grandview Hopkins, "Grandview, City of", "Grandville, City of", Grange Mutual, "Granger, City of", "Granite City, City of", Granite Construction Co, Granite Prof & Tech, "Granite Shoals, City of", Granite Svcs, Grannys Music Mall, Grant County Govt, Grant Foundation, Grant Hatch & Assoc, Grant Joint Un High Schl, Grant Med Trans, Grant Memorial Hospital, Grant Reg Hlth Ctr, Grant Thornton, Grants Petroleum, Grape Community Hospital, Grapevine Colleyville ISD, Grapevine Marketing, "Grapevine, City of", Graphic Arts Ind Hlth Care Trst, Graphic Center, Graphic Communications, Graphic Controls, Graphic Media Co, Graphics & Industrial Circuits LTD, Graphics Systems Div, Graphon Corp, Grass Patch, Grass Valley Grp, Grass Valley School Dist, Grassland Dairy Products, Graves Spray, Graves Spray Supply, Gravette Medical, Graviers Chevron Enterprises, Gravity Drainage Dist 4, Gray Bill Enterprises, Gray Communications, Gray Transportation, Graylift, Grayline Air Shuttle, Grays Harbor Comm Hospital, Grays Harbor Credit Union, Grayson Lumber, "Grayson, County of", Grayston Opthalmology Assc, Graystone Express Ltd, GRC International, Gre Prep Svcs, Great A&P Co, Great Amer Broadcasting, Great Amer Knit Mills, Great American Duck Races, Great American Hlth Care, Great American Hlth Care-Clearwater, Great American Real Estate, Great Basin, Great Commission Ministries, Great Earth of AZ, Great Earth Vitamins, Great Lake Boat Top, Great Lake Chemical, Great Lakes Chemical Corp, Great Lakes Co, Great Lakes Dredge & Dock, Great Midwest Bank SSB, Great Midwest Ins Company, Great Pacific S&L, Great Plaines Fed Credit Union, Great Plains, Great Plains Federal C/Union, Great Plains IISI PPC, Great Plains Packaging, Great Plains Trucking, Great River Restaruants of IA, Great Rivers Health System, Great Smokies Laboratory, Great Southwest Mortgage, Great Trails Broadcasting, Great West Life Assurance, Great Western Directories, Great Western Malting Co, Great Western Press, Greater Anaheim Special Education, Greater Austin Ins, Greater Austin Telecom LTD, Greater Columbus C&V Bureau, Greater Community Hospital, Greater Las Cruces Church of C, Greater New York, Greater Pacific Radio, Greater Peoria Mass Transit, Greater Spgfld Chamber of Com, Greatwest Technology Ltd, Green & Curtis, Green 2 Go Mgmt Corp, Green Acre Foods, Green Bay Packaging, Green Bay Pattern, Green Bus Lines, Green Cnty National Bank, Green Corn, Green Country Products, Green County Foods, Green Light, Green Oil, Green River Steel, Green Thumb Organics, Green Tree Country Club, Green Tree Financial, Green Valley Disposal, "Green, County of", "Greenacres, City of", Greenarrow Motor Express, Greenbelt Muni & Ind, Greenberg Farrow Architecture, "Greenberg, Peden, Siegmyer", Greenbrier Architect, Greenbrier Architectural, Greene County Med Ctr, Greene Mfg, Greene Moving Systems, "Greene, County of", Greenes Pressure Testing, Greeneville Tool & Die Co, Greenfield Ind, Greenfield Medical Grp, Greenfield Police Dept, Greenfield Turf, "Greenfield, City of", Greenflag Medical, Greenhome & O'Mara, Greenleaf Co, Greenlee Lighting, Greenlee Textron, Greenman Brothers, Greensboro Assoc/Amer Fans, Greensboro Assoc/Develop Sciences, Greensboro Assoc/Plessey Dynamics, Greentree Motors of Danbury, Greentree Transportation, Greenville Housing Authority, "Greenville, City of", "Greenville, City of (Ohio)", Greenwich Assoc, Greenwich Partners Inc, Greenwich Workshop, Greenwood Packing Plant, Greenwood Reobile, Greenwood Springs Ford, "Greenwood, City of", "Greer, City of", Grefenson Clinic, Gregg CAD, Gregg Cnty Appraisal Dist, Gregg Industries, Gregory Equipment, Gregory Manufacturing Co, "Gregory, City of", Greif Brothers Corp, Greif Brothers Corp Hourly Emp H/W, Greiner, Greiner Engineering, "Grenada, City of (Mississippi)", Gresham Varner Savage Nolan & Tilden Law, Grey Eagle, Grey Healthcare Grp, Grey Wolf, Greystone Enterprises, Greystone Technology, Gridley-Biggs Cemetery Dist, Grif Fab Corp, Griffco Plastics, Griffin Farms, Griffin Oil, Griffin Services, Griffith Consumers Co, Grimes Aerospace Co, Grimm Brothers Plastics, Grimmett Brothers Ins, Grimway Enterprises, Grimway Farms, Grisanti, Griswold Industries, GRMWCT, Grob Systems, Grocers Ins Trst, Grocers Supply Co, Grocery Supply Co, Groen Dover Ind Co, Grolier, Groom ISD, "Groom, City of", Groome Transportation, Grosh Scenic Studios, Grossenberg Implement, Grossmont Cuyamaca, Grossmont Schl Fed Credit Union, Grosvenor Intl CA Ltd, Ground Round, Grounds Construction, Groundwater Technology, Group Administrators (Emp), Group Ben Admin, Group Dekko/Multi-Kare, Group Health Plan, Group Ins Trust of Unit, Group Two Architecture, Growers Co, Growers Transport, Growers Vegetable Express, Groz Beckert USA, Grubb & Ellis Co, Grubbs Construction Co, Gruender Properties, Gruetts Manufacturing, Gruver ISD, "Gruver, City of", GS Parsons, GSC Enterprises, GSD&M, GSF Mortgage Corp, GSF Safeway, GSI Corp, GSL Electric, GT Global Staffing, GT Trade Bindery, GTE, GTE Benefit Plan, GTECH Corp, GTP Industries, Guadalupe Blanco River Aut, Guadalupe Disposal, Guadalupe Valley Hosp, "Guadalupe, City of", "Guadalupe, County of", Guam Memorial Heallth Plan, Guarantee Mutual (Emp), Guaranteed Printing Supplies, Guaranty Bank, Guardian Ins, Guardian Postacute Svc, Guardian Resources, Guardian Security, Guardian Underwriters Medic, Guardsmark, Guarnatee Bank SSB, Gudpak Inc Arizona, Guelich DC, Guenoc Winery, Guerras Custom Farming, Guest Service, Guest Services, Guggisberg Cheese, Guhring, Guidance Center of Lea Cnty, Guidance Mortgage Co, Guild Mortgage, Guilford County Schools, Guilford Mills, Guilford Pharmaceuticals, "Guilford, County of", Guilliam Concrete, Gulf Cartage Co, Gulf Coast Amer Blind Co, Gulf Coast Enterprises, Gulf Coast Orthopaedic Spec, Gulf Coast Pre Stress, Gulf Coast Restaurants, Gulf Coast Waste Disposal Auth, Gulf King, Gulf Services, Gulf Shore Federal Credit Un, Gulf South Health Plans, Gulf States, Gulf States Conf, "Gulf Stream, Town of", "Gulfport, City of", Gulfstream Aerospace, Gulley Enterprises, Gully Transportation, "Gun Barrell City, City of", Gun Parts Corp, Gunderson Dettmer Stourgh, Gunn Van Lines, "Gunter, City of", Guntersville Medical Center, Guntert & Zimmerman, Gunther Intl, Gunther Volkswagon, Gunton Corp, Gupta Technologies, Gurley Leep, Gurneys Seed & Nursery, Gurtler Chemical, Gustafson, Gustavo A Mondragon MD, Gustine ISD, Guterman of America, Guttenplans Bakery, Gutter Perfection, Guy Carpenter, Guyan Machinery/Permco, Guys Drug Stores, Guys Foods, GVSN & T Attorneys, GW Bartlett Co, GW Hunter, GW Services, Gwynedd Mercy College, Gza Geoenvironmental Technologies, GZK Inc, H Bart H Turf Farm, H Belmer Co, H Geoffrey Pauly DDS, H Jeffery, H Lorimer Corp, H Luebcke, H Meer Dental Supple Co, H Valencia Electrical Design, H William Fulhorst MD, H&A Computer Svcs, H&H Bulk Transport, H&H Distributing Co, H&H Farms, H&H Furniture, H&H Matag Home Appliance Ctr, H&H Tube & Mfg, H&H Value Svc, H&H Waste Oil, H&P Tool Co, H&R Block, H&R Foods, H&S Electric LLC, H&S Lumber Glass & Mirror, H&W Systems, H2O Conditioning, Ha Lo Industries, HA Lott, Haag & Assoc, Haas & Najarian, Haas Anderson Construction, Haband Co, Habasit Belting, Habberstad Nissan BMW, Haber Fabrics, Habersham Cnty Medical, Habersham Plantation Corp, Habit Mgmt, Hablen Pediatric Assoc of TN, Hachette USA, Hacienda Carmel Comm Assoc, Hacienda La Puente USD, Hacker Johnson Cohen Grieb CPA'S, Hackney & Sons, Hadco Medical Plan, Haddad Restaurant Group, Haden Schweitzer Corp, Hadley Auto Transport, "Hadley Companies, The", Hadley McHugh Mgmt, Hadley Tow, Hadron Inc, Haegelin Construction, Haeger Industries, Hafele America, Hagan Benefits, Hagemeyer, Hagler Bailly, Hagroth Co, Hagyard Davidson & McGee, Hahn & Clay, Haig Mgmt Services, Haight Brown & Bonesteel, Haights Cross Comm, Hain Celestial Grp, Haines & Co, Haines Barough City Schools, Haines City Citrus Growers Asc, Hair By Henrik & Co, "Hair Shack, The", Haire Shaver Assoc, Hako Minuteman, Hal Leonard Corp, Hal Riney (AAAA), Hal Sharpe Assoc, Halcumb Cemetery Dist, Haldeman Powell & Ptnrs, Haldez Barnes, "Hale Center, City of", Hale Hackstaff Tyrnkovic, Hale Halsell, Hale Seed, Haley & Aldrich, Haley Bros, Half Moon Bay Fire Dist, Halff Associates, Halifax Corp, Halkides & Morgan Law, Hall Bargainer, Hall Buck Marine Inc, Hall Machine, Hall Trucking, "Hall, County of", Hallcrest, Hallelujah Junction General Store, Hallen Chevrolet, Hallesche Natl Krankenbersicher, Halliburton FCU, Hallifax Medical Center, Hallite Seals, Hallmark Bldg Supplies, Hallmark Fashion Kitchens, Hallmark Nameplate, Halls Ship Supply, Halma Holdings, Halsey Electric, Halter Marine Grp Inc, Ham Radio Outlet, Hambrecht & Quist, Hamill Mfg Co, Hamilton Ballard, Hamilton Barr, Hamilton Branch Fire Dist, Hamilton Caster & Mfg, Hamilton City Schools, Hamilton Co, Hamilton Heavy Equipment, Hamilton Hospital, Hamilton Sundstrand, Hamilton Welding Co, "Hamlin School, The", "Hamlin, City of", Hamm & Phillips, Hamm Compactors, Hammary Furniture Co, Hammer 99 AM/PM, Hammerman & Gainer, Hammett & Edison, Hammilton Telecommuncation, Hammond & Masing Cnstn, Hamon Stores, Hampton Newport News, Hamstra, Han & Assoc, Han Mi Engineering, Han Padron Associates, Hancock Construction & Svcs, Hancock Fabrics, Hancock Mem Hospital, Hand Held, Handler Textile, Hands On Physical Therapy, Handy & Harman, Handy Andy Supermarkets, Handy Hardware Wholesale, Handyman Hitch Works, Hanes Co, Haney Group Services, "Haney Grp, The", Hanford Christian School, Hanford Community Med Ctr, Hanford Furniture, Hanley Wood, Hannaford Brothers, Hannah Billard Co, Hannas Potpourri Specilists, Hannes Mfg, Hannon Hydraulics Inc, Hannover Ruckversicherungs, Hanor Co, Hanover Ins, Hans Farrow Weiskirch Eng, Hansaloy Corp, Hansberger Precision Golf, Hanse Farms, Hansen Corp, Hansen Farms, Hansen Software, Hansen Technologies, Hansens Manufacturers Windo, Hansford County Feeders, Hansford County Hosp, Hansford Implement Co, "Hansford, County of", Hansgrohe Inc, Hanson Lambert & Kiatta, Hanson Production, Hanson Trucking, HAP Enterprises, HAPA, Happy ISD, Happy Jacks Pie N Burger, "Happy, City of", Harberson Swanston Inc, Harbert Intl Establishment, Harbinson Fischer, Harbor Bay Club, Harbor Bay Realty, Harbor Ben Svcs, Harbor Dispatch Transport, Harbor Health Systems, Harbor Side Hlth Care, Harbourton Holdings, Harco, Hard Rock Cafe, Hardebeck Trucking, Hardee County Schools, Hardees Food Sys, Hardees of Quincy, Harden & Co, Harden Furniture, Harden Middle School, HardenCare Health Plan, Hardesty Co, Hardesty Electricity Svc Inc, Hardhat Group, Hardin Jefferson ISD, "Hardin, County of", Harding Associates, Harding Lawson Assoc Grp I, Harding Shymanski & Co, Hardware Distributing Wrhsmn, Hardware Dstrb Warehouses, Hardware Lumber Co, Hardware Wholesalers, Hardwick Holding Co, Hardwood Products Doors, Hardwoods Inc, Hardy Brothers, Hare Express, Hargreaves Assoc, Hargrove, Harlan Spraugue Dawley, Harlem Dowling West Side Center, Harley Marine Services, Harlfinger Cos Harpak, Harmon Industries, Harmon Stores, Harmony, Harmony Foundation, Harmony Ridge Resort, Harneal Chevrolet Geo Inc, Harnischfeger Industries, Harold Beck & Sons, Harold Butler Ent, Harold Ives Trucking Co, Harold Rice Jr, Harold Zeigler Auto Grp, Harolds, Harolds Electronics, Harolds GM Dealership, Harolds Stores, Harper Companies Intl, "Harper Group, The", Harper Oil, "Harpers Grp, The", Harpo, Harps Foods Stores, Harrah's, Harrell Equipment, Harrington & King Perforating Co TN, Harrington Ben Svcs, "Harrington Grp, The", Harrington Hoists, Harringtons Bar & Grill, Harris Chemical Grp, Harris Cnty Improvement, Harris Cnty WCID, Harris Farms, Harris Intl Sales, Harris Machine Tools, Harris McBurney Co, Harris Moran Seed, Harris Packaging Corp, Harris Steel Fence, Harris Svc Equipment, Harris Teeter Supermarkets, Harris Thermal Transfer, Harris Transport, Harris Waste Mgmt Grp, Harris Welco, Harris Welding Supply, Harrisburg Truss Co, Harrison Electric, Harrison Interest, Harrison Paint, Harrison Telephone, "Harrison, Cnty of", Harry B Matossian MD, Harry M Stevens, Harry Weese Assoc, Hart & Associates, Hart & Hart, Hart Crowser Inc, Harter Tomato Products, Hartford, Hartford Acci & Indemnity, Hartford Casualty Ins, Hartford Computer Grp, Hartford Financial, Hartford SRS, Hartford Steam Boiler, Hartig Drug Co, Hartley Oil Company, "Hartley, County of", Hartman Distributing Co, Hartnell Comm College, Hartness Intl, Hartnet U Save Gas Stations, Hartnett & Co, Hartz Group, Harvard Custom Mfg, Harvard Equity Corp, Harvard Industries, Harvard Industries Elastic Stop Nut, Harvest Communities, Harvest Land Cooperative, Harvey Kruse Weston, Harvey's Resort Hotel & Casino, Harveys Hotel & Casino, Harwick Standard, Harwood Products, Harza Engineerig, Hasco, Hasegawa Farms, Haskell Cnty Appraisal Dist, "Haskell Co, The", Haskell ISD, Haskell Memorial, "Haskell, City of", "Haslet, City of", Hasson Bryan Hardware, Hastings Entertainment, Hastings Manufacturing, Hastys Communications, Hattiesburg Clinic PA, "Hattiesburg, City of", Hattori & Assoc, Haugabook Oil, Hauk Energy, Haun Industries, Haupert Livestock Enterprises, Hause Machines, Hausken Oil, Hausman Homes, Hausmann Custom Wallpaper, Hausner Hard Chrome, Havell Plywood Corp, Haven Hill Nursing Home, Haven Investment, Havensten Burmeister, Hawaii Western Mgmt Grp, "Hawaii, County of", Hawkeye Alarms, Hawkeye Bank of Dubuque, Hawkeye Bldg Supply Co, Hawkeye International Trucks, Hawkeye Metal Spinning, Hawkins & Powers Aviation, Hawkins Ash Baptie, Hawkins Blick & Fitzpatrick, Hawkins Cnty Memorial Hosp, "Hawkins, City of", Hawley Cooke Emps Trst, Hawley Troxell Ennis & Hawley, Haworth, Haworth Marketing & Media, Hawthorne Machinery Co, Hawthorne Suites, "Hawthorne, City of", Hayden Inc, Hayes CPD, Hayes Home Delivery Svcs, Hayes Lemmerz, Hayes Software Sys, Hayes Valley Care, Haym Solomon/Sheepshead Nur, Haynes Whaley Associates, Haynie Co, Hays Home Delivery Helpers, Hays Home Delivery Svcs, Hays Hometown Pharmacy, Hays Information Mgmt, "Hays, City of", Hayward Foundation-CSU, Hayward Lumber, Hayward Mitsubishi, Hayward State Univ, "Hayward, City of", Hazar Inc, Hazel Baker, Hazel Hawkins Mem Hosp, Hazelrigg Risk Mgmt, Hazelton Auto Body, HB Fuller Co, HB Magruder Mem Hospital, HBOC, HBR Hotels, HC Duke & Sons, HC Health MDA, HC Wainwright & Co, HCA, HCA The Healthcare Co, HCC, HCC Industries, HCC Ins Holding, HCH Admin, HCL America, HCM Benefits, HCM Claims Mgmt Corp, HCM Investigations, HCM Management Corp, HCM W/C & Liability, HCO Networks, HCR Manorcare, HCX Inc, HD Hudson, HE Williams, Head & Enquist Equipment, Headington Oil, Headland Digital Media, Headley Investments, Heads Up Performance, Headwind Operating Co, Headwind Windsor Capital, Healdsburg Boys & Girls Club, "Healdsburg, City of", Health & Education Services, Health & Wlfr Agency Data, Health Admin, Health Assurance, Health Benefit Reinsurance, Health Benefit Svcs, Health Care Consortium, Health Care Industries, Health Care Mgmt Cnslt, Health Care Mrktg Svcs, Health Central, Health Chem Corporation, Health Clms Processing, Health Consultants, Health Consulting Grp, Health Credit Union, Health Enterprises Grp of Co, Health Evaluation, Health First Hlth Plns, Health Fitness Physical Therapy, Health Guard, Health Ins Plan of Calif, Health Insurance Specialists, Health Intl, Health Management Systems, Health Mgmt Assoct, Health Midwest, Health Network America, Health Plan Southeast, Health Plus, Health Provider Svc, Health Research, Health Resources, Health Sign Co, Health Smart Pref 