Aamot, Lindsay SRAC Student Member (2007-2008) Aaron, Wendy ED Senator (2018-10/23/2018) Abbas, Houssam ENGR Senator (2022-03/12/2024) Abbasi, Bahman RC (01/01/2022-2023) Abbott, Mark OCEAN Senator (2000-2002) Abbott, Michelle CC (2002-2004) Abts, Janelle SRAC Student Member (2000-2001) Accapadi, Jos ASSOC Senator (2012-2014) Accapadi, Mamta SA Senator (2010-2012), CRC (2010-2012), FPHC-alt (2010-2014), SRAC (2009-2010) Achterman, Gail ASSOC Senator (2007) Ackermann, Mark VM Senator (2019-06/17/2021) Acock, Alan HHS Senator (2003-2004; 2006-2008), FEW&RC (2004-2007), LC (2009-2011), IGFC (2005) Adams, Christopher LC Student Member (2004-2005) Adams, Paul CC (2012-2015) Adams, Terry FEW&RC (2016-2018) Adams, Tom FGC (2004-2005), FSC (2004-2007) Admiral, Roger ASSOC Senator (2013-2015), FOR Senator (2/1/2005-2005), FTF Aduviri, Amas UAC (2016-2017), ASC (2017-2020) Aduviri, Cheridy OEC (2016-2019) Aguiar, Naomi RC (2021-2024), ASSOC Senator (2024-2026) Aguilar, RaeLee ASSOC Senator (2020-2020) Ahern, Kevin SCI Senator (99-2001; 1999-2004; 2014-2016), BCC (2004-2005), FEW&RC (2002-2004) Ahlgren, Amber AdminAppt (2021-2023) Akana, Amy SRAC Student Member (2001-2002) Akins, Scott AcadRegs (2006-2009), SRAC (2013-2016), GC (2018-01/20/2020), LA Senator (2019-2020) Akroyd, Chris RC (2016-12/15/2018); BUS (2016-2018) Akyeampong, Ataa AcadReqs (99-2001) Alani, Adam PHARM Senator (2013-2015) Alapisco, Dawn Marie LC (2023-2026) Albertani, Roberto ENGR Senator (2016-2018), LC (2022-03/29/2025) Alcon, Tim LC (2017-2020), OEC (2022-2023) Aldwin, Carolyn PHHS Senator (June 2009-2010), GC (2009-2012) Alegado, Gideon SRAC (99-2000) Alexander, David FOR Senator (2011-2013) Alexander, Eric SA Senator (2007-2009; 2007-2012), AdminAppt (2006-2012; 2013-2016) Alexander, Jennifer AgSci Senator (6/27/2018-12/31/2018) Alexander, Jo SA Senator (2011), ASC (2006-2009), DIV (2011-2014) Alexis, Cindy AdminAppt (2013-2015, 2016-2019; chair, 2016-2018), FEW&RC (2013-2016), SCI Senator (2009-2011), FSC (2009-2012), FRAC (2019-2021), ASSOC Senator (2020-2022; 2023-06/2023) Alix-Garcia, Jennifer AgSci Senator (2018-2019; 2024-2026), C3 (01/31/2022-01/04/2023); EC (2023-06/15/2024) Aljets, Alex AcadRegs (2013-2016), AdminAppt (2019-2022), ASSOC Senator (2021-08/17/2022) Aljets, Paul BFP Student Member (2009-2010) Allan, Andrea CEC (2024-2027) Allan, Robert OCEAN Senator (2008-2009; 2013-2015), SRAC (2012-03/2014), GAC (2017-2020) Allen, Bonnie CC (2000-2006), SCTF (2004-2005) Allen, Nancy AcadRegs (2005-2008), AcadReqs (2011-2012; Chair, 2013-2014), AdminAppt (2004-2005), AgSci Senator (2013-2015), OEC (2016-2019) Allison, Eliza AAC (2020-2021; chair 2021-2022) Almquist, Jennifer Marie ASSOC Senator (2013-2015) Alvarez-Cortez, Teresita SA Senator (2015-2017; 2019-2021) Ambrose, Katelyn UAC (2022-2025) Andersen, Jayne AcadReqs (2016-2018, chair 2017-2018) Anderson, Anna UAC (2017-12/14/2018) Anderson, Chris LA Senator (2005-04/2006), BCC (2008-2010), SA Senator (2023-04/11/2024), C3 (02/23/2023-04/19/2024) Anderson, Dave ROTC Senator (9/1/1999-1999) Anderson, Jayne AcadReqs (2016-2018) Anderson, Jeff GradCncl (01/10/2023-2025) Anderson, Jeneva SRAC (2016-08/01/2017) Anderson, Kim AgSci Senator (2004-2006; 2004-2009), RC (2008-2009) Anderson, Sonia FPHC (2000-2004) Anderson, Tarron ASSOC Senator (2022-10/06/2023), EC (04/2022-10/06/2023) Andrews, Lindsay C3 Ad Hoc (2018-2021), C3 (2021-2024) Andrews, Nick C3 (2023-2026) Anekonda, Thimmappa SRAC (99-2000) Anemaet, Jos IS Senator (97-1999) Angima, Sam EXT Senator (2008-2010) Anzinger, Dawn DEC (2009-2012) Appleby, Arnold IFS Senator (1989-1991), EC (1991) Apte, Sourabh RC (2009-2012), GC (2016-2018), COE Senator (2021) Arbogast, Brian FPHC-alt (2000-2004) Arbuckle, Heather BCC (9/25/2019-2022) Archer, Whitney SA Senator (2022-2024) Archibeque, Ben DivCncl (2023-2026) Arellano, Lucy ED Senator (2016-2017) Argyres, Sherri AcadAdv (2001-2004), AcadRegs (2004-2006), CoC (2004-2006) Ari, Aya DivCncl Student Member (10/06/2023-06/30/2024) Arismendi, Ivan BCC (2021-01/05/2022), BCReform (2021-2022), RC (2023-2024) Arispe, Sergio EXT Senator (2018-2020) Armas, Rob LC (2007-2008) Armer, Christine LC Student Member (99-2002) Armstrong, Donald FPHC-alt (2000-2002) Árnadóttir, Líney ENGR Senator (03/2021-12/31/2021) Arnold, Richard AdminAppt (2014-2017) Arp, Dan AgSci Senator (99-2001; 1999-2004; 2008-2010; 2008-2013), EC (2001-2002) FM (2000-2001), FPHC (2000-2002), ETF, PTRAC, SGTF Arora, Vipin OEC (2016-2018) Arredondo, Angelo SRAC Student Member (12/23/2022-06/30/2023) Arsenault, Matt OCEAN Senator (February 2003-2003) Arthenayake, Kavinda ASSOC Senator (2005-2007) Arthur, Jeff CC (2003-2005) Arthurs, Jonathan GAC (2021-2024, 2024-2026; chair 2023-2024, 2024-2025), ASSOC Senator (10/04/2023-12/31/2023) Artwohl, Ross FM (2007-2012) Asbell, Ann PHHS Senator (2005-2007), ASC (2010-2012), AdminAppt (2003-2007; Alternate: 2009-2010) Ashe, Amanda OCEAN Senator (February 2003-2003) Ashford, Scott Alan ENGR Senator (01/2013-12/2013) Ashkenas, Linda LC (2003-2006) Ahston, Carolyn EXT Senator (2015-2017) Ashurex, Sarah ASC Student Member (2007-2008), SRAC Student Member (2007-2008), UAC Student Member (2007-2008) Atay, Ron AOT Student Member (2008-2009) Atebe, Grace SA Senator (2018-2020; 8/11/2023-12/31/2023), GAC (2018-2020) Ates, Serkan DivCncl (2020-2023) Atre, Sundar OEC (2013-2016) Auer, Leighann AgSci Senator (2022-12/31/2022), AdminAppt (2022-11/15/2022), FRAC (2024-2027) Aune, Patricia FPHC-alt (2000-2004) Auyong, Jan AgSci Senator (2010-2012) Avallone, Katelynn C3 (2024-2027) Averill, Jane ASSOC Senator (2007-2009), ASC (2005-2006), UAC (99-2001) Avery, Bonnie IS Senator (96-2000), BCC (99-2002) Axelsson, Alexander CRC (2016-2018) Ayres, Jim GC (2000-2001) Ayres, William FPHC-alt (2000-2002) Azarenko, Anita AgSci Senator (99-2000; 2008-2010) Azizian, Mohammad FPHC-alt (2002-2006) Babcock, Carol ASSOC Senator (2010-2012), BFP (2009-2011) Babich, Jackie AdminAppt (2012-07/19/2013) Bachman, Jennifer ED Senator (2016-2018) Badger, Rebecca UAC (2/15/2020-202; co-chair 02/03/2022-06/30/2022), ASSOC Senator (11/04/2022-12/31/2022) Baggott, John EXT Senator (2000-2002) Bahde, Anne CoC (2016-2018) Bailes, Jack FPHC-alt (2000-2002) Bailey, John FOR Senator (2008-2010; 2022-2024), BCC (2006-2009), BCRC (2008-2010), CC (Co-Chair, 2016-2018), EC (2017-2018; 10/10/2023-2024), AcadReg (2022-2026) Bailey, Mike ENGR Senator (2010-2012; 2013-2015; 2022-2024), EC (2014), CC (2006-2015; Co-Chair, 2013-2014), B&N (chair, 2016-2017), FS Pres Elect (2014), FS Pres (2015), FS Imm. Past Pres (2016,08/25/2022-12/31/2023), PoTTF (3/1/2020-6/10/2021) Bajwa, Waheed ASC (99-2000), SRAC (2000-2002) Bakalinsky, Alan FEW&RC (2007-2010), FGC (2011-2014), FM (99-2000), RC (2003-2006), AgSci Senator (08/2012-12/2012) Baker, LeeAnn AcadReqs (2006-2008), ASC (2006-2008), FEW&RC (2009-2013), AdminAppt (2018-2021) Baker, Keith AcadRegs (4/24/2017-1/15/2018) Bakos, Yong CASCADES Senator (2017, 2021-2022) Ball, Pat BCC (2017-2019), BCReform (2021-2022) Balz, Barbara ASSOC Senator (2001-2002; 2001 to 05/05), FGC (2004-2006) Balzer, Jackie ASSOC Senator (2002-09/2002), SRAC (2004-2007) Bamberger, Michael ASSOC Senator (2021-2023) Banagale, Rob CC Student Member (2000-2001) Banaitis, Aidas BCC (2019-2022, 2022-2025) Bangs, Jackie ASSOC Senator (2012-2017), DIV (2011-2012) Banning, Robert CoC (2000-2001) Banyi, Monica BUS Senator (2006 to Sep-2008) Barbar, Elisar RC (2005-2007), SRAC (2009-2012) Barber, David LC (2018-2021) Barbour, Nancy AcadRegs (2014-2017; chair 1/12/2017-6/30/2017), BCC (11/10/2016, 2017-2019) Barbour, Richmond FEW&RC (2006-2009), FGC (2009-2012), UAC (99-2001), LC (2016-2018, chair 2016-2017) Barden, Jeff RC (2021-2024) Barker, Beth ASSOC Senator (2001-2003), FSC (2000-2006) Barker, Kristen LA Senator (2005-2006; Feb 2011-2013), CRC (2003-2004) Barnd, Natchee SRAC (2013-2016), LA Senator (2016-2018) Barnhart, Michelle BUS Senator (2012-2014; 2022-2024) Barofsky, Doug SCI Senator (2004-2006), GAC (99-2001), GC (99-2000) Barr, Kiana SRAC Student Member (02/21/2018-06/30/2018; 01/16/2019-06/15/2019) Barr, Tammy ASSOC Senator (2005-2006; 2009-2011; 01/2012-03/2012) Barrese, Kenny UHCC Student Member (2006-2007) Barstow, Elizabeth HCC (2020-2023; chair 2022-2023); LA Senator (2022-2024) Barstow, Geoffrey BCC (2021-2024), FWC (2022-2024) Barth, Jack OCEAN Senator (99-2000) Barth, Marita OEC (2016-2020) Bartholomew, Jerri GAC (2013-2016) Batten, Belinda ENGR Senator (2012-2013; 2022-04/13/2022) Bauer, Emily UAC Student Member (2004-2005) Baxter, Angi GC Student Member (2011-2012) Baxter, Jeffrey SA Senator (2024) Bay, Brian ENGR Senator (2/2002-2004; 2009-2011; 2016-2018) Beach, Gary ASSOC Senator (2005-2006), BFP (2006-2007), CC (2000-2002; 2010-2012), LC (99-2000; 2003-2006), ISC, ISRTF, SCTF (2004-2005) Beall, Rayetta GAC (2007-2010) Beaman, Christopher SRAC Student Member (2004-2005) Beamer, Jennifer FSC (2016-2017), AcadReg (2018-2021) Beatty, Joseph SCI Senator (2000-2002) Beaudry, Chris LC (2014-2017), FRAC (2018-2019) Bechert, Ursula FPHC (2004-2008) Beck, Alex UAC (2011-2012, 2013-2016), AcadStdg (2024-2027) Becker, Bill FEW&RC (10/14/2016-1/10/2017) Becker, Bob FEW&RC (2000-2003; 2006-2009) Becker, Laurence FPHC (2008-2012), OCEAN Senator (2020-2022) Becker-Blease, John BUS Senator (2014-2016), GC (2018-2019; co-chair 01/22/19-06/15/2019, 2019-2022, 2022-2024, 2024-2025; chair 2020-2022, 2022-2023, 2023-2024, 2024-2025), EC (2015-2017) Becker Blease, Kathy BCC (2018-2021; co-chair 2020-2021), LA Senator (02/13/2020-2020; 2024-2026), EC (2023-2024) Bedwell, Gus SA Senator (2013-08/2014) Beechler, Brianna FGC (2024-2026) Beedlow, Carole ED Senator (2013-08/2013) Beeram, Avinash Reddy LC Student Member (2004-2005) Beeson, Luana PHHS Senator (2000-2002) Begley, Sara FRAC (2024-2027) Beidler, Marty UAC (2013-2016) Beisiegel, Mary SCI Senator (2016-06/15/2018; 2021-2023) Belair, Diane AcadReqs (2002-2003) Belart, Francisca FOR Senator (2019-2021) Bell, Chris EC (2014), ENGR Senator (2007-2009; 2011-2014), FEW&RC (99-2002) Below, Amy LA Senator (2017-2019) Bennett, Dennis BCC (2016-2017) Bennett, Heather LC Student Member (2009-2010), SRAC Student Member (2008-2009) Bennett, Justin SRAC Student Member (03/01/2017-06/15/2017) Bennett, Luke SRAC Student Member (01/23/2017-06/15/2017) Benoit-Bird, Kelly OCEAN Senator (2005-2007; 2014-2016) Bentley-Townlin, Tracy SA Senator (2/2003-2005), ASC (2002-2005), EC (2005-2006), AcadReq (2012-07/2013) Berger, Dave FRAC (2009-2012; Chair, 2013-2015) Bermudez, Luiz RC (2006-2010), GC (2003-2004) Bernardin, Susan LA Senator (2024-2026) Bernell, David LA Senator (2008-2010), BCC (2005-2009), SRAC (2019-2022, 2022-2023; co-chair 2021-2022, 2022-2023), EC (2016-2017; 2020-2021), PoTTF (3/1/2020-6/10/2021) Bernell, Stephanie HHS Senator (2010-2012), FEW&RC (2003-2006), IGFC (2005), GC (2016-10/01/2016) Bernieri, Frank BFP (2005-2008) Bethel, Jeffrey PHHS Senator (2017-2019), RC (2023-2026) Betjemann, Peter J LA Senator (2013-2015) Beuthin, Mary LC (2017-06/30/2018) Biguoette, John SRAC Student Member (2016-2017) Bilyeu, Robin CoC (2014-2016; chair, 2014-2015) Bishop, Verity GC Student Member (2010-2011) Bird, Debbie ASSOC Senator (98-Aug-00), FOR Senator (2001-Oct-03), AcadAdv (2002-2004), ASC (2001-2004), SRAC (99-2000) Bird, Erin AcadRegs (2019-2022, 2024-2027); ASSOC Senator (2022-2024), BCReform (2021-2022) Bird, Karyn VM Senator (2005; 2008-2010), GAC (99-2003; 2004-2005), GC (2002-2003) Birky, Edith ASSOC Senator (2011-2012; 2018-2019) Bishaw, Badege FSC (2004-2007) Biskup, Igor CC Student Member (99-2000) Biwan, Paul ASSOC Senator (98-1999), FPHC (2004-2008; 2010-2014) Black, Lynette EXT Senator (2012-2014), DEC (2011-04/18/2014) Blackburne, Terrence COB Senator (2024-2025) Blair, Lesley SCI Senator (2007-2009) Blake, David ASSOC Senator (2014-2014) Blakley, Edie FPHC (2004-2008) Blakley, Edit FSC (99-2000) Bliss, John FOR Senator (99-2001) Block, John FSC (99-2002), ISRTF, PTRTF Bloomer, Sherm ETF Blue, Terri-Lee UAC Student Member (11/7/19-06/15/20, 12/1/20-06/15/21) Bluhm, Andrew FPHC-alt (2002-2006) Blunck, David ENGR Senator (2020-2022) Blythe, Linda PTRTF, GC (2006-2007) Boardman, Colleen LC Student Member (02/01/2017-2017;02/08/2018-06/30/2018) Bobal, Alisan CC (2006-2009) Bobe, Gerd AdminAppt (2024-2027) Boehler, George ETF Boggess, Bill AgSci Senator (2002-2004), AdminAppt (2002-2005), B&N (2007-2009; 2013-2016), EC Pres-Elect (2005), EC President (2006), EC Immediate Past Pres. (2007-2008(Co.)) Bogley, Bill SCI Senator (9/2000-2001; 2001-2003; 2007-2009; 2010-09/2012; 2013-2015, 2017-2019), BCC (2011-2012), UHCC (99-2004), BCRC (2008-2010), GC (2017-7/31/2018), EC (2015-2016; 2019-2020) Bohannan, Colleen SRAC (2024-2027) Bohnert, David AgSci Senator (2018-2020; 2022-2024) Bokay, Kevin CoC (2001-2004) Bokil, Vrushali SCI Senator (2016-2018; 2020-08/18/2022), EC (2018-2019) Bolman, Tiffany UAC (2021-2024) Bolte, John AgSci Senator (2005-2007; 2005-2010; 2012-04/2014; 2018-2020), RC (2001-2004) Bond, Barbara GC (2002-2005) Bondi, Michael EXT Senator (2014-2016), EXT Senator (2004-2005; 2009-2011), AdminAppt (2016-2017) Bontrager, Robert ASSOC Senator (2000-2002) Boock, Michael LC (2006-2008), SRAC (2005-2008, 2020-2023), SCTF (2004-2005); LIB Senator (2022-2024) Boovy, Bradley LA Senator (2016-2018; 2020-2022), AOT (2018-2021), LC (2021-2024) Borman, Michael AgSci Senator (2010-2012) Bornowski, Alejandra BCC Student Member (2007-2008), SRAC Student Member (2007-2008) Borradaile, Glencora AOT (2011-2012), ENGR Senator (2014-2016) Borstel, Melinda von UHCC Student Member (2004-2006) Bose, Bella ENGR Senator (10/1/1999-12/1999; 2004-2006; 2004-2009; 2011-2013), FRAC (2001-2005) Boston, Kevin AcadRegs (2013-2016; chair, 2014-12/31/2016), GAC (2013-2015) Bothwell, Michelle DIV (2011-2012) Bottaro, Louie ASC (2004-2007), CoC (2008-2011), LA Senator (2013; 2016-07/15/2017) Bottomley, Peter AgSci Senator (2001-2003) Bottoms, SueAnn ED Senator (10/2009-2011), AcadReqs (2002-2004), CC (2007-2010) Boudet, Hilary LA Senator (2022-2024), HCC (12/23/2022-2025) Boudraa, Nabil LC (2006-2009) Bourne, Amy FPHC (2008-2012), Admin Appt (2016-2019; chair, 2018-2019); BUS Senator (2016-2018; 2019-2021), C3 Ad Hoc (2018-2020), BFP (2019-2021; chair 2020-2021) Bouwma-Gearhart, Jana RC (2014-2017), GC (2018-2021), FRAC (2020-2022), P&T (2022-2024) Bovbjerg, Marit LC (2011-2012; 2013-2014; 12/20/2018-05/31/2019; 2020-2021, 2021-2024; chair, 2012-2013, 2022-2023, 2023-2024), HLTH Senator (2024-2026) Bovbjerg, Viktor HHS Senator (2011-2013; 2016-2017; 2019-2021; 2022-07/2023), HCC (2019-2022; chair 2021-2022), RC (2011-2014) Bowling, Emily SA Senator (07/2013-12/2013; 2019-2021) Bowman, Sally FPHC (2002-2006), HEE Senator (2001-2003), HHS Senator (2003-2004; 2005-2007) Boyce, Bill PHARM Senator (2002-2003) Boyd, Crystal BFP Student Member (2010-2011) Boyer, Charles CC (2001-2004) Bozigar, Matt AdminAppt (2024-2025) Brachfeld, Hannah C3 (2023-03/22/2024) Bradoch, Alfonso AcadReqs (2012-2019), ASSOC Senator (2017-2019) Braker, Marjorie EXT Senator (2000-2002) Brander, Susanne HMSC Senator (2024-2026) Brandt, Jeanette FPHC (2010-2014), GC (99-2001) Brauner, Craig Cascades Senator (2024-2026) Brauner, David GC (2001-2003) Braunworth, Bill AgSci Senator (2009-2011), P&T (2006-2009) Braverman, Marc HHS Senator (2006-2008) Braxton-Franklin, Nikia SA Sentator (2021-02/09/2023) Bray, Tammy PHHS Senator (2019-2021), GAC (2020-12/31/2022) Brazier, Allan DEC (2001-2004) Breen III, Jack ASSOC Senator (2012-2014; 2016-2017) Breen, Patrick AgSci Senator (98 to Nov-00; 2002-2003) Breitenfeldt, Jeffrey LC Student Member (2009-2010) Brekken, Ted ENGR Senator (2017-06/30/2017) Brennan, Bill SRAC (2005-2008) Brett, Marcia CRC (2000-2003) Brewer, Linda AgSci Senator (2005-2006), FTF Brewer, Wesley CC (2018-2019), UAC (2020-2023), P&T (2024-2027) Bridges, Laurie SRAC (2008-2011), UAC (2006-2008), DIV (2018-08/15/2019, 12/1/2019-2021) Brimley, Dwight FEW&RC (2013-2016) Broadus, Pam IGFC (2005) Broccolo, Paul UAC (2024-2027) Brock, Anthony AcadReqs (2007-2009) Brock, Isabelle BCC (2016-2018) Brodie, Doug FOR Senator (97-1999) Brody, Barbara Ext Senator (11/2021-12/31/2021) Bromagem, Shaun ASSOC Senator (2018) Brook, Edward FEW&RC (chair, 2016-2017), RC (2018-2021) Brooke, Sandy CC (2007-2011), FSC (2006-2008) Brooks, Lois CRC (2010-2012) Brooks, Ray BUS Senator (98-2000; 1998-2003), FPHC (2006-2010), P&T (2008-2010), UHCC (2006-2008) Brouwers, Mariette FM (2003-2012) Brown, Anita AgSci Senator (2002-2004) Brown, Carol CRC (2002-2005), CC (2005-2012) Brown, Dan GC Student Member (2004-2005) Brown, Gil ASSOC Senator (2004 to Mar-05), BFP (2003-2005) Brown, Kevin SCI Senator (2005-2006) Brown, Lindy LC (2010-2011) Brown, Shane ENGR Senator (10/13/2016-12/31/2016), RC (2020-2022), AoT (2024-2027) Browne, Neil CASCADES Senator (2011-2013, 2021-2022), CC (2006-2007), FPHC-alt (2010-2014), UAC (2010-2013) Browning, Chris SRAC Student Member (2008-2009) Brubaker-Cole, Susie ASSOC Senator (2009-2011; 2012-2014), UHCC (2009-2012), BCRC (2008-2010), ETF Bruce, Gigi ASSOC Senator (1998-2000; 1998-2003; 2007-2009; 2007-2012; 2014-2019; 2021-2023, 2024), FPHC (2004-2008) Brudvig, Bob FSC (2016-2019) Brugger, Max UHCC Student Member (2006-2007) Brumbach, Shari SRAC (2021-2024) Brumley, Richard BFP (99-2002) Brunner, Charles FOR Senator (98-2000), UAC (99-2002) Bruslind, Linda SCI Senator (2008-2010; 2019-2021), AcadAdv (2010-2011), BCC (2012-2015), EC (2010-2011), FPHC (2004-2008), UAC (2001-2002; 2003-2006), AcadReg (2017-6/30/2021; chair 2019-2021) Bubl, Chip EXT Senator (2009-2011) Buckner, Nya Imani HCC Student Member (01/15/2020-06/15/2021) Budd, Tim ENGR Senator (97-1999) Bude, Tekla BFP (2021-2022), LA Senator (2023-2025), AdminAppt (2023-2026), AcadStdg (2023-2026) Buchanan, Angelika HHC (2020-2021) Buck, Stefanie CRC (2010-2012), AcadReqs (Chair, 2016-2017; 2017-08/13/2018), OEC (2018-2021, chair 2018-2020), ASSOC Senator (11/8/2021-12/31/2021), FRAC (2022-2025) Buckley, Noah SA Senator (2013-07/2014), ASSOC Senator (2020-2022) Budd, James AcadStdg Student Member (12/23/2022-06/30/2023) Buermeyer, Andrew FPHC (2008-2012) Bull, Tina LA Senator (Oct 2009-2010), AOT (2003-2006) Bump, Michelle AdminAppt (2019-2022; chair, 2021-2022) Bunnage, JoAnne PHHS Senator (2013-2016), SRAC (chair, 02/2014-2016), AdminAppt (2016-2019), ASSOC Senator (2019-2021), EC (2017-2018), FRAC (12/22/2022-2025) Burand, Michael ASC (2016-2020), HCC (12/23/2022-2024; chair 2023-2024) Burke, Mike BFP (99-2000) Burke, Mary BCC (2001-2003), SRAC (99-2001) Burke, Susan HEE Senator (1999) Burkhardt, Brett FSC (2016-2019), LA Senator (2019-06/15/2019) Burkholder, Carrie AgSci Senator (2020-2022) Burnett, Margaret AcadRegs (2002-2003), FRAC (99-2001), P&T (2004-2007) Burns, Howard M Assoc Senator (2024-2026) Burns, Leslie Davis IFS Senator (1996), EC (1996), ASC (2004-2006), B&N (2011-2012), CC (99-2001), EC Pres-Elect (2009), EC President (2010), EC Immediate Past Pres. (2011), P&T (2013-2016) Burt, John EXT Senator (99-2001) Burton, Robert SCI Senator (98-2000; 1998-2003), CoC (99-2000), EC (1999-2000), DPD Burton, Vicki Tolar LA Senator (2000-2002; 2013-09/2015), EC (2000-2001) Busby, Posy AgSci Senator (2021-2023, 2024-202) Busse, Laurel AgSci Senator (2001-2003) Butler, Judy FTF Butler, Marv EXT Senator (2000; 2002-2004; 2002-2006) Caddis, Connie PFIC (2022-2023) Calderon, Francisco AgSci Senator (2023-2025) Caldwell, George BCC (2005-2008) Calvery, Kim ASSOC Senator (2010-2012; 2016-2017), BFP (2001-2005), CoC (2006-2009), RC (2014-2017) Cameron, Linda FPHC-alt (2000-2004) Campbell, Courtney FM (2002-2005), MTF Campbell, Edward ROTC Senator (10/2009-10/2012) Campbell, Holly LC (2024-2027) Canete, Michaela AOT Student Member (11/7/19-6/15/20); BFP Student Member (12/1/20-6/15/21) Candolfi, Carmo AgSci Senator (97-99) Cann, David HCC (10/09/2023-2026; chair 2024-2025) Cannon, Matt FGC (2006-2009) Cannon, Michelle Donaghy AcadReqs (2019-2022), AgSci Senator (2023-2025) Capalbo, Susan AgSci Senator (2010-10/2016) Caplan, Dennis BUS Senator (2008-Sep-09) Caputo, John FPHC-alt (2002-2006) Cardella, Eric SA Senator (10/4/2022-12/31/2022) Cardenas, Norma LA Senator (Mar 2010-2011) Cardinal, Brad HHS Senator (2000-2002; 2003 to 10/2004; 2007-2009), BCC (10/2014-2015), BCRC (2008-2010), PHHS Senator (2013-2015) Carnegie, Teena CRC (2001-2003) Carozza, Susan PHHS Senator (2016-2017) Carpenter, Alec FEW&RC (2001-2002) Carpenter, Bret LC (2019-2021), AOT (2022-2023) Carpenter, Burl OEC (2019-11/26/2019) Carr, Renee EXT Senator (2005-2007) Carson, Mina LA Senator (98-2000; 2005-2007; 2012-06/30/2017), BCC (2010-2011), EC (2005), FEW&RC (2001-2004), PTRAC, IFS Senator (2003-2007), Pres-Elect (11/26/2018-01/01/2018), FS Pres Elect (2018), FS Pres (2019), FS Imm. Past Pres (2020) Carter, Rich LC (2010-2013), SCTF (2004-2005), SCI Senator (2023-2025), P&T (2023-2026) Caspers, Jean CC (99-2000) Cassidy, James AgSci Senator (2005-2007; 2009-2011; 2012-2014; 2015-2017; 2019-2021; 2024-2026) Cassady, Kyle SRAC (2002-2003) Castaneda, Jason UAC Student Member (2011-2012) Castano, Erika DIV (2005-2008) Castillo, Sal ASSOC Senator (03/2012-12/2012; 2013-2015) Castle, John CRC Student Member (2006-2007) Catania, Joseph FEW&RC (2010-2013) Castro, Cynthia UAC (2023-2026) Caughey, Carol HEE Senator (98-1999; 98-2002), FRAC (2003-2006), GC (2001-2002) Caughey, Mary FPHC-alt (2004-2008) Cavazos, Lety C3 Ad Hoc (2018-2021), C3 (2021-2023) Cazares-Cervantes, Abraham AOT (2022-2024), CC (2024-2027) Ceraso, Marion HHS Senator (2020-12/2022) Cerklewski, Florian ASC (2005-2007) Cervantes, Javier FPHC-alt (2002-2006) Chadwell, Faye LIB Senator (2008-2010) Chadwick, William FPHC (2000-2004) Chakerian, Raven OEC (2016-2021, chair 2017-2018), FRAC (2021-2024; chair 02/10/2022-06/30/2022, 2023-2024) Champeau, Donna HHS Senator (98-1999; 2010-2012), AcadReqs (2001-2002), AOT (2011-2012), EC (2012), P&T (2010-2012) Chandler, Carissa SRAC Student Member (2002-2004) Chang, Jeff AgSci Senator (07/2013-2015; 2016-2018; 2021-2023) Chang, Xiaohui P&T (2022-2025) Chaplen, Frank CC (2005-2008; 2012-2014), BFP (2019-2022, 2022-2025; chair 2021-2022, 2022-2023), AgSci Senator (2023-2025) Chappell, Marisa LA Senator (2008-2010; 2013-2015; 2016-2018; 2021-2023), CC (2007-2010) Chappell, Pat GC (2016-2019), VetMed Senator (2023-2025) Chapmon, Tara AcadStdg (2024-2027) Chastain, Donna ASSOC Senator (2011-2016), EC (2013-2014) Chastain, Tom ASC (2013-2018) Chau, May Ying AdminAppt (99-2000), SRAC (2002-2005) Chavarria, Loren LA Senator (2008-2009) Chen, Hsiou-Lien LC (2011-2014) Chen, Jiyao BUS Senator (2021-2023) Cheong, Ha Yeon "Paul" SCI Senator (2022-2024) Chermak, Heather ASC (2007-2008) Cheung, Cameo UHCC Student Member (2008-2009) Cheung, Itchung ASSOC Senator (2011-2013) Chi, Chunhuei HHS Senator (2011) Childers, Maureen AcadReqs (2009-2012; 2013-2015) Cieri, Mike SRAC (03/2014-2016, 2021-2024), UAC (2017-2020) Cho, Jeewon UHCC (2016-2018), AOT (2021-2022) Cholewinski, Karren ASSOC Senator (2014-2016; 2020-2022) Chow, Shirley ASSOC Senator (2014-2016) Christensen, Erin PFI (2024-2027) Christensen, Mark GC (99-2000) Christensen, Neil AgSci Senator (98-2000; 1998-2003), FPHC (2000-2002) Christie, Anne ASSOC Senator (2004-2006), FPHC-alt (2000-2002), FRAC (2005-2006), FSC (2002-2005) Christie, Paula SCI Senator (2023-2025) Chuinard, Mary UAC (2016-2019), AcadAdv (2018-2020; chair 2019-2020), AdminAppt (2021-2022), CEOAS Senator (12/7/2020-12/31/2020), BCReform (2021-2022) Ciechanowski, Kathryn DIV (2007-2010) Ciuffetti, Lynda AgSci Senator (2000-2002; 2000-2005), BCC (2004-2006), EC (2005-2006), EC Pres-Elect (2007), EC President (2008), EC Immediate Past Pres. (2009), FM (2008-2010), RC (2000-2001), SGTF, GC (2002-2006) Clair, Danielle FPHC-alt (2008-2012) Clark, Adry CC (2008-2011), FPHC-alt (2008-2012) Clark, Candice CC Student Member (2018-2020, 9/15/2020-2021, 07/01/2021-06/30/2022) Clark, Sara SCI Senator (2021-2023), AcadReqs (2021-2024; co-chair 2023-2024) Clauson, Milo FOR Senator (2004-2006) Clinton, Richard LA Senator (2000-2002) Clough, George FPHC-alt (2000-2004) Clough, Sharyn LA Senator (2008-2010), RC (2007-2008) Cloughesy, Michael FOR Senator (2000-2002) Cluskey, Mary HEE Senator (99-2001), HHS Senator (2003-2005), BCC (2008-2011), CC (2003-2008), IFS Senator (2013-2015), EC (2015) Cluskey, Steve FSC (2001-2004) Cluver, Brigitte Gaal BUS Senator (2013-2014; 2017-2019) Coakley, James BUS Senator (2003-2005), FRAC (2000-2003), BCRC (2008-2009), GC (2010-2012; 2016-01/20/2019), CC (2023-2026; co-chair 2023-2024, 2024-2025) Coakley, Stella SCI Senator (97-1999; 2001-2003), BFP (2001-2002), B&N (2005-2006), EC (1999-2001), EC Pres-Elect (2003), EC President (2004), EC Immediate Past Pres. (2005), FGC (99-2000), IGFC (2000), GC (99-2001) Coate, Evan AOT Student Member (2000-2001) Coblentz, Bruce AgSci Senator (9/2000-2002; 2002-2004; 2005-2007) Coehlo, Debbie DEC (2003-2006) Coffin, Chris FPHC-alt (2010-2014) Cohen, Jennifer AdminAppt (2017-2018, 2022-2024, 2024-2025) Cohen, Max ASSOC Senator (2021-2023) Cohen, Rachel SRAC Student Member (02/12/2018-06/30/2018; 02/07/2019-06/15/2019) Collier, Bob OCEAN Senator (2000-2002) Collins, Tess C3 Ad Hoc (2018-2021), C3 (2021-2024) Collins, Tony PHARM Senator (2000), GC (2001-2004) Collins, Vicki LA Senator (7/1/1999-12/99), AdminAppt (99-2000) Collison, Brooke PTRTF Colomer, Soria RC (2019-2020) Colvin, Claire AcadAdv (Chair, 2014-2015), ASC (2013-2016), SCI Senator (2014-2016) Colwell, Frederick OCEAN Senator (2018-2020; 2022-10/09/2023) Colwell, Rick GC (2007-2010) Conger, Mallory SRAC Student Member (2004-2005) Conley Jr., John ENGR Senator (2012-2014) Conlu, John-Albert BCRC (2008-2010) Connolly, Laura FRAC (99-2000) Connor-Smith, Jennifer B&N (2002-2005) Contreras, Ryan Nelson AgSci Senator (2013; 2021-2023), GC (2016-2019, co-chair 2017-2018) Conway, Dan UAC (99-2001) Conway, Flaxen CoC (99-2001) Cook, Curtis ENGR Senator (2000-2001), CRC (2000-2003) Cook, D.J. SRAC Student Member (2000-2002) Cook, Terri ASSOC Senator (2011) Corbett, Jim ASSOC Senator (2005), FPHC-alt (2004-2008) Cornelius, James AgSci Senator (99-2001) Cornell, Jennifer LA Senator (97-1999), FGC (99-2001; 2003-2004) Corrzi, Elaine SCI Senator (2017-2018) Costello, Mark ENGR Senator (2002-2004) Cotilla-Sanchez, Eduardo ENGR Senator (2024-2026) Cox, Daniel ENGR Senator (2014-2015) Cozzi, Elaine SCI Senator (2016-2018) Craig, David ASC (2006-2009), CoC (2010-2012), SA Senator (08/2014-12/2014), GAC (2019-2022) Cramer, Lori LA Senator (Feb 2011-2013; 2012-2017; 2024-2026), DEC (2007-2010), FGC (2013-2016, 2016-2019, chair 2018-2019), FPHC (2006-2010) Crandall, Becky GC (10/11/2021-12/10/2021), DivCncl (2022-2025; co-chair 2023-2024) Crane, Jim AgSci Senator (97-99) Crannell, Wanda AgSci Senator (2022-2024) Crateau, Carole ASSOC Senator (97-1999), CRC (99-2000) Creighton, Clare ASC (2019-2022), SA Senator (2022-2024) Creighton, Janean FOR Senator (2019-2021) Creveling, Jessica CEOAS Scenator (12/8/20-12/31/20) Crisp, Gloria RC (10/13/2017-10/01/2018), BFP (2017-2020), IFS Senator (01/01/2023-01/25/2023) Cromack, Kermit FOR Senator (97-2000) Crowell, Abigail BCC (2023-2026) Cruickshank, Jenifer EXT Senator (2022) Crump, Byron C. CEOAS Senator (2023-2025) Crust, Sue ASSOC Senator (8/2000-2000), SRAC (99-2000) Cuenca, Richard SRAC (2011-2012; Chair, 2012-2014), UHCC (2011-2014; chair, 2013-2014) Cui, Rong PHARM Senator (2008-2010) Cull, Paul ENGR Senator (4/2003-2004), GC (99-2002) Cummings, Adhston BFP Student Member (01/23/2023-06/30/2023) Curtis, Larry AgSci Senator (2006-2008; 2006-2011), IFS Senator (1994-1995, 2005-2006), EC (1995, 2006), RC (2005-2006) Curtis, Marc FPHC-alt (2004-2008) Cushing, Tamara FOR Senator (2016-2018) Cutter, Dann UHCC Student Member (2006-2007) Cyrus, Jan AdminAppt (7/2012-10/2012) Cytrynbaum, Pamela LA Senator (2009-2011) Daeschel, Mark FGC (2002-2004), SRAC (2011-2014),UHCC (2011-2014) Dahl, Nicholas CASCADES Senator (2018-2020; 2022-2024) Daley, Larry AgSci Senator (97-99) Danelishvili, Lia RC (11/22/2023-2026) Daniels, Kent ASSOC Senator (99-2001) Dantas-Whitney, Maria UAC (2003-2004) D'Antonio, Ashley Forestry Senator (2021-07/19/2023), AoT (2024-2027) Dao, Deirdre SRAC Student Member (2007-2008) Dascaliuc, Radu SCI Senator (09/07/2022-12/31/2022) Daugherty, Tracy LA Senator (2002-2004; Oct 2007-2009; 2008-6/10/10) Davidson, Jeanne SRAC (2003-2007), UAC (2005-2006) Davila-Klautzsch, Amy ASC (2014-2016), UAC (2011-2014), DIV (2019-2023) Davis, Curtiss OCEAN Senator (2009-2011) Davis, Jamie EXT Senator (2021-2023) Davis, Lindsay EXT Senator (2020-10/01/2021) Davis, Loren RC (2016-2018) Davis, Steve FEW&RC (99-2001), IGFC(2000) Davison, Neil CC (2013-2016), FPHC (2010-2014), GC (99-2000) Davis-Butts, Eda FPHC (2002-2006) Davis-Lowe, Eda DIV (2009-2010) Davis-White Eyes, Allison SA Senator (2001-2003; 6/2007-2008; 6/2007-2010; 2012-2014), RC (2007-2008), UAC (2000-2001), ASSOC Senator (2019-10/13/2021), CC (2020-2023) Day, Jim SA Senator (4/2011-2013) Day, Julia CRC (2011-2012) De Mello, Don ASSOC Senator (12/05/2022-12/31/2022) de Silva, Lynette OCEAN Senator (2024-2026) de Silva, Shanaka RC (2017-08/31/2019) de Szoeke, Simon OCEAN Senator (2011-2012) DeAdder, Tyler ASC (2017-2019) DeBellis, Kathy SRAC (2018-2021) DeBellis, Rick SRAC (2010-2013) DeBoodt, Tim EXT Senator (2010-2012) DeCarolis, Bob ASSOC Senator (3/2000-2002) deGeus, Lois ASSOC Senator (98-2000; 2002-2004; 2008), FEW&RC (99-2001) Deitering, Anne Marie BCC (2008-2010), CC (2014-2015) DeKock, Carroll PTRTF, IFS Senator (1998-1999), EC (1999) DeLander, Gary P&T (2013-2015, 2016-2018) Delf, Liz CEC (2024-2027) Delson, Irma OCEAN Senator (2001-Feb-2003), CC (99-2002), FEW&RC (2003-2005), IGFC (2005) Dempsey, Moira ASSOC Senator (2003-2005; 2006-2008; 2009-2011), AcadReqs (2005-2007), EC (2006-2007), FSC (2007-2010) Denis, Armelle LA Senator (2011-2013), FSC (2011-2014), ETF Dennis, Brad LA Senator (Jul 2007-2008) Denning, Diane BUS Senator (7/1997-1999) Denver, Dee SCI Senator (2013-2015), DIV (2018-2021) De Pree, John ROTC Senator (05/17/2023-2024) Derryberry, Doug FSC (2001-2004) DeSantis, Robin CoC (2011-2014) Deschesne, Kristie SA Senator (2001-2002), SRAC (99-2000; 2003-2006) DeShields, Joey FWC (11/02/2022-2025) Desilet, Drew SRAC (2008-2010) Desnoyer, Addison DivCncl (2023-2026) Detar, Liddy LA Senator (2024-2026) Dever, Edward OCEAN Senator (2017-2019; 2020-2022), C3 Ad Hoc (2018-2021), C3 (2021-2023) DeVogele, Alisha SRAC Student Member (2008-2009) DeWitt, Christina OEC (2013-2015; Chair, 2013-2014) Dhagat, Pallavi COE Senator (12/8/20-12/31/20, 08/22/2022-12/31/2022), B&FP (12/17/2020-2022), AdminAppt (01/31/2022-2024) Dick, Tom CC (99-2002), SCI Senator (10/2013-12/2013; 04/17/2019-12/31/2019) Dickey, Eric LA Senator (2017) Dickson, Dave C3 (2024-2026) Dickson, Marianne SRAC (2016-3/9/2017), UAC (01/19/2022-2023, 2024-2027) Diebel, Penny BCC (2010-2012), DEC (2005-2007), AOT (2016-2018); AgSci Senator (2016-2018; 2021) Dilles, John SCI Senator (2010-2012), BCC (2000-2001) Dinsmore, Mark DEC (2006-2007) Dodds, Kevin SRAC Student Member (2001-2002) Dodge, Miles UHCC Student Member (2006-2007) Dodsworth, Shirley FSC (2008-2012) Doel, Ron FSC (2000-2003) Doescher, Paul AgSci Senator (99-2001; 1999-2004), FOR Senator (2005-2007), AcadReqs (2007-2008), AdminAppt (2012-2013; 2014-2015; Co-Chair, 2013-2014), B&N (2000-2002; 2010-2011), EC (2001-2002, 2007), IFS Senator (2005-2007), EC Pres-Elect (2008), EC President (2009), EC Immediate Past Pres. (2010), FPHC (2000-2002) Dolan, Brian GC (2019-2022; 10/18/2022-2025) Dolan, Nicole ASSOC Senator (2020-2022) Dolcini, Peggy AdminAppt (2010-2013; 2014-2017) Doler, Thurston IFS Senator (1981-1983) Doleshel, Grace C3 Student Member (2020-2021) Dolja, Valerian FPHC (2008-2012), RC (99-2002, 2020-2023) Dollan, Brian GC (10/03/2019-2022) Dollar, Natalie LA Senator (2001-2003), BCC (2017-2019) Donatelle, Becky RC (2004-2005), FPHC-alt (2008-2012), GC (2008-2009) Donegan, Kelly AcadReqs (2007-2009) Donlan, Caitlin AcadReqs Student Member (2006-2007) Doran, Lisa Kosiewicz SA Senator (2023-03/06/2023) Dorbolo, Jon ASSOC Senator (2005-2006; 2005-2009; 2011-2016; 2022-2025), AOT (2010-2012), CRC (2006-2009), CC (99-2003), EC (2012), FPHC (2006-2010), MTF, FS Pres-Elec (1/1/2017-12/31/2017), FS Pres (1/1/2018-12/31/2018), C3 Ad Hoc (2018-2021, chair 2018-2019), FS Imm. Past Pres (1/1/2019-12/31/2019) Doreen, Jennifer FSC (2013-2016) Dorko, Allison CC (2015-2016) Douglas, Kimberly ENGR Senator (2000-2002) Dowhower, Daniel PHHS Senator (2019-2021) Dowling, Barbara GAC (2008-2009), UAC (2004-2007) Downing, Troy EXT Senator (99-2001; 2011-2013) Doyle, Andrea ASC Student Members (2010-2011) Dragon, Patrice BCC (2018-2021) Drapela, Nick BCC (2008-2011) Draper, Jacey SRAC Student Member (2007-2008) Dreher, Theo AgSci Senator (2006-2008; 2006-2011; 2013-2015), EC (2010-2011), GC (2006-2008), P&T (2016-2018) Drexler, Jack BUS Senator (98-2000), CC (2001-2004) Driscoll, Debra EXT Senator (Oct 2001-2003), FEW&RC (2000-2002) Driskill, Qwo-Li LA Senator (2017) Drongesen, Kristina SRAC Student Member (2004-2005) Dubkin-Lee, Shelley ED Senator (10/1/2011-2011), FPHC-alt (2008-2012) Duckett, Stephanie FEW&RC (2010-2012) Duesterdieck-Zellmer, Katja CVM Senator (08/03/2022-12/31/2022) Duey, LJ SET Duffy-Goche, Brittany BCC Student Members (2009-2010) Dugger, Bruce DEC (2008-2011), ETF, FPHC-alt (2004-2008), GC (2019-2022), AgSci Senator (2020-2023) Duncan, Andy AgSci Senator (2005-2007) Duncan, Bob OCEAN Senator (2010-2012) Duncan, Patti LA Senator (2012-2014, 2017-2019; 2021-2023), UHCC (2009-2012) Duncan, Robert OCEAN Senator (2004-2006) Dunham, Susie BCC (2014-2017) Dunn, John IFS Senator (1988-1990), EC (1990) Duplaix, Nicole DEC (2011-2014) DuPont , Jessica BFP (2019-10/23/2020); ASSOC Senator (2022-2024) Durkee, Stephen CoC (2011-2012) Dyer, Garrison AcadReqs (2004-2006) Dykeman, Cass ASC (2004-2005), CoC (2005-2008), GC (2009-2012;02/22/2018-2021; 9/15/2022-09/15/2023), ED Senator (2024-2026) Dyton, Mary SRAC Student Member (2005-2006) Earl, William FSC (99-2001) Ebbeck, Vicki HHS Senator (92-94; 2012-2014; 9/27/2022-1/12/2023), FPHC-alt (2008-2012), GC (99-2002), GAC (94-96), EC (2021-01/10/2022) Eck, Michelle see McAllaster, Michelle Ede, Lisa LA Senator (1999; 2003-2005) Edge, Dan AgSci Senator (11/1/2000; 2003-2005; 2003 to Mar-07), DEC (2003-2004), IFS Senator (2002-2004), EC (2004), MTF, FS Pres Elect (2013), FS Pres (2014), FS Imm. Past Pres (2015) Edmunds, Brooke EXT Senator (2021-2023) Edmunson-Morton, Tiah SRAC (2012-2015), UHCC (2012-2015, 2019-2022) Edwards, Andrew AcadReqs (2017-2020; chair, 2/6/2020-2020) Edwards, Barbara SCI Senator (2003-2004), BCC (2008-2010), P&T (2003-2006) Edwards, John AOT (2005-2007), DEC (2010-2012), LA Senator (2014-2016), EC (2018-2019), IFS Senator (2021-2023), EC (2023), BCReform (2021-2022; co-chair, 2021-2022) Edwards, Mark LA Senator (2006-2008; 2019-2021), LC (2001-2004) Edwards, Stacey CRC (2010-6/2012) Egan, Marianne UAC (2012-2015) Egbert, Gary FPHC-alt (2008-2012) Egna, Hillary AgSci Senator (2012-2014), AdminAppt (2001-2004; 2005-2008), BFP (2007-2010), GAC (2006-2009), RC (2005-2006; 2011-2014, co-chair, 2012-2013; co-chair, 2013-2014), AdminAppt (2017-2020) Ehrhart, Bob DEC (2001-2003) Eklund, Sara ASSOC Senator (2005-2007; 2009-2011), FPHC-alt (2002-2006) Elam-Geuting, Kelsey SRAC (2023-2026) Elder, Doug SRAC Student Member (2002-2003) Eleveld, Bart FPHC (2002-2006) Elfering, Willie ASC (2022-2025) Elias, Kate AcadReqs (2006-2007) Ellinwood, Susan ENGR Senator (2001-2003), FEW&RC (99-2002), IGFC (2000) Elliott, Karen FSC (2017-2020), Curric (04/03/2023-2026) Elliott, Rebekah GC (2016-02/22/2018; 2019-09/15/2022; 09/15/2023-2024) Ellsworth, Lisa AgSci Senator (05/05/2023-01/11/2024; 2024-2026) Elmshaeuser, Scott ASSOC Senator (2005-2007) Elmshaeuser, Tracy ASSOC Senator (2024-2025) Elston, Julie BFP (2013-2016) Emard, Kelsey BCC (2020-2023, 2023-2026; co-chair 2023-2024, 2024-2025) Emerson, Patrick LA Senator (2019-2021) Empey, Cindy SA Senator (2/2003-2005), SRAC (2005-2008) Engel, Evie AgSci Senator (2005-2006) Engel, Jodi AdminAppt (99-2000) Engle, Molly AOT (2002-2005), LC (2004-2007) Enochs, Larry SRAC (2000-2002) Epps, Clinton AgSci Senator (2018-2019) Erickson, Dianne SCI Senator (2001-2003), B&N (2002-2003), EC (2002-2003), LC (2000-2004) Erickson, Janet FOR Senator (10/1/2003-2003; 10/1/2003-2006) Erickson, Micah UHCC Student Member (2000-2001) Esbensen, Steve OCEAN Senator (99-2001), PTRTF, GC (99-2001), IFS Senator (1995-1997), EC (1997) Eschbach, Peter PFI (2023-2026) Escher, Christine SCI Senator (2009; 11/2012-2012; 2012-2013, 10/11/2018-12/31/2018) Essinger, Abigail ASC Student Member (02/12/2018-06/30/2018) Estill, Chuck VM Senator (2006-2008) Etherington, Elizabeth AdminAppt (2008-2011), AgSci Senator (2020-2022) Etherton, Scott ASSOC Senator (2014-05/2016), SA Senator (2004-2006; 2006-2008) Evans, Matt FSC (2016-2019), DivCncl (10/28/2021-2023), ENGR Senator (2023-10/11/2023) Eversole, Tom HHS Senator (4/2010-2011; 2011-2013) Ewe, Edward Cascades Senator (2023-04/30/2024) Faifaiese, Ruta SRAC Student Member (02/21/2018-06/30/2018) Fairbanks, Scott UAC (2020-12/15/2021) Faltesek, Daniel BCC (1/14/19-2022, 2022-2025; co-chair 2021-2022, 2022-2023, 2023-2024, 2024-2025) Fang, Chong GAC (2012-2015, 2016-2018, co-chair 2017-2018), FRAC (2018-2020; chair, 1/27/2020-6/30/2020), RC (2020-2023, 2023-2026; chair 2023-2024) Fanno, Wayne AgSci Senator (2003-2005) Farber, Paul LA Senator (97-1999; 2002-2004), BFP (99-2000), P&T (2006-2008) Farber, Vreneli LA Senator (Oct 2003-2006), BFP (2003-2005), FEW&RC (2005-2008), FRAC (2007-2008) Faridani, Adel SCI Senator (10/2007-2009; 2012-2014; 2015-2016; 2017-2019; 12/8/20-12/31/20) Farmer, Rainier FPHC-alt (2004-2008) Farmer, Sarah BCC Student Member (2007-2008), SRAC Student Member (2007-2008) Faulhaber, Duane ASSOC Senator (2003-2005) Faulkenberry, G. David IFS Senator (1984-1986), EC (1986) Febre, Ricardo UAC (2023-2026), FGC (2024-2027) Feeney, Dave BFP (2016-2019), FGC (01/03/2019-2022) Fehrenbacher, Jennifer CEOAS Senator (2023-2025) Fehring, Dave SRAC (2008-2010) Feltmann, Allen FPHC (2006-2010) Fermanich, Mark BFP (2012-7/8/2013) Fern, Xiaoli ENGR Senator (2022-2024) Fernandes-Paul, Mirabelle FGC (2011-2014; chair, 2013-2014), SA Senator (2013) Fernandez, Deb ASSOC Senator (2006-2008) Fernandez, Michael FEW&RC (2002-2005), IGFC (2005) Ferris, Jill BCC Student Member (2008-2009), SRAC Student Member (2008-2009) Fewings, Melanie OCEAN Senator (2021-2023) Field, Jennifer AgSci Senator (97-99; 2008-2010; 2008-2013; 2017-2019), P&T (2009-2012), AoT (2016-2019) Field, Kate SCI Senator (98-1999), ASC (99-2002), CC (2008-02/2012), FPHC (2008-2012), AOT (2016-2019) Figueroa, Rob CC (02/21/2022-2023) Filimban, Ghadeer DEC Student Member (2006-2008) Filip, Greg FOR Senator (2001-2003) Filley, Shelby EXT Senator (2004-2005; 2021) Filtz, Theresa PHARM Senator (2000-2001; 2000-2002; 2000-2004), GC (2004-2007; 2009-2012; 2016-2020; co-chair 2017-2018, chair 2018-2019) Finch, David CRC (99-2001; 2003-2006), RC (2013-2015), GC (2016-2017) Fisher, Charley HHS Senator (2001-Apr-2003) Fisher, Dianna CC (2008-2012), OEC (2013-2015), DIV (2005-2007), LC (2016-07/30/2018, 2022-2025) Fisk, Martin OCEAN Senator (97-1999), GC (2001-2004; 2007-2011) Fitzpatrick, Kelly CC (2009-2010) Flahive, Mary SCI Senator (2001-2003; 2006 to Jun-07; 4/2009-2009; 4/2009-2012), B&N (2005-2007), CC(2008-2011), FEW&RC (2003-2006), FRAC (2000-2001), IGFC (2005) Fleishman, Erica LC (2020-2023) Fleming, Justin FSC (2009-2012), ASSOC Senator (2018-2019; 2020-2022), FRAC (02/05/2018-06/30/2018), AdminAppt (2018-2021, chair 2019-2021), EC (2020, 2022-2023), PFIC (2022-2025) Fleury, Nick SRAC (03/2014-2015), AdminAppt (2022-2025), ASSOC Senator (2023-2025) Flick, Larry AcadReqs (99-2001), CoC (2003-2006), CC (2001-2003) Flint, Amy CRC (2012-2015) Floyd, Mark ASSOC Senator (2000-2002) Foley, Shannon AcadReqs (2016-2019) Folts, Jim LA Senator (98-2000; 2005-2007) Fonyo, Carolyn DIV (2016-2017), LC (2019-2022) Ford, Jesse UHCC (2003-2006) Foskolos, Tom SRAC Student Member (2004-2005) Foster, Jim LA Senator (2002-2004) Fowler, Jeff ASSOC Senator (10/11/2023-12/31/2023) Fowler, John SCI Senator (2008-2010) Fox, Margaret CC (99-2000) Fram, Jonathan BFP (2023-2026; chair 2024-2025); CEOAS (2024) Francis, Ashley LC Student Member (03/25/2019-06/15/2019) Francis, Sally IFS Senator (1992-1994), EC (1994), GC (99-2009) Frank, Bob LA Senator (97-1999), FWC (01/05/2023-2025) Franklin, Sandi ASSOC Senator (6/2009-2010; 98-2000; 1998-2003), AdminAppt (2004-2007) Freeman, Bo EXT Senator (Oct 2001-2003) Freeman, Carlea FPHC-alt (2006-2010), FRAC (2009-2013), FGC (2017-2020) Freeman, Peter FEW&RC (99-2000) Freeman, Viki AgSci Senator (2004-2006), FPHC-alt (2002-2006) Freilich, Mike RC (99-2000) Freitag, Camille FOR Senator (2000-2002; 2006-2008) Freitag, Michael SCI Senator (10/2012-12/2012), C3 Ad Hoc (2018-2021) French, Patrick AdminAppt (2004-2006) Friedman, Len HHS Senator (2006-2008), CC (99-2003; 2006-2008), DEC (2001-2003), EC (2007-2008), FSC (2007-2008) Fritzell, Erik CC (99-2000), BAAC, PTRTF Fronk, Brian ENGR Senator (2019-2021) Frost, Robert BFP (2007-2009) Fujinaga, Jessica HCC Student Member (10/10/2022-06/30/2023, 10/06/2023-06/30/2024) Fultz, Kathy AcadReqs (2014-2017), UAC (2010-2013) Fuhrman, Brandi BCReform (2021-2022), SA Senator (2023-2025) Gable, Kevin SCI Senator (2008-2010; 2015-2017; 2019-2021), AcadRegs (2010-2011), B&N (chair, 2014-2015), EC (2011-2012), UHCC (chair, 2016-2017) Gaebel, Katie AgSci Senator (2016-2018) Gaines, Lisa J. ASSOC Senator (2007-2009; 2019-2021) Gallagher, Christine LC (2019-2021) Gallagher, Sally RC (99-2000; 2003-2004) Galloway, Robin EXT Senator (2006-2008; 2015-2017) Gambatese, John SRAC (2011-2014), ENGR (2016-2018) Gamroth, Michael AgSci Senator (98-2000; 2007-2009) Gana, Joshua AdminAppt (2008-2009) Ganio, Lisa FOR Senator (2011-08/2014), GC (2014-2020, co-chair 2016-2017; chair 2018-2019) Ganjifard, Farbodd CoC Student Member (2011-2012) Garagnani, Rosemary FPHC-alt (2010-2014), AcadRegs (2016-2019) Garceau, Demaris FEW&RC (2008-2011) Garcia, Courtney ASC (2016-2018) Garcia, Heather DIV (2019-2020) Garcia, Jonathan HHS Senator (2023-2025) Garcia, Tiffany SRAC (2019-2022); AgSci Senator (2022-2024) Garcia, Yesenia SRAC Student Member (2009-2010), UAC Student Member (2009-2010) Gardner, John SCI Senator (98-2000) Gardner, Mary BFP (2022-2025) Garity, Dennis SCI Senator (2012) Garrett Jr., Robert P BUS Senator (2013-09/2013) Gartner, Barbara LC (2002-2004) Gasser, Chris UAC (2023-2026) Gaspar, Natasha AdminAppt (2022-2024); BFP (02/17/2023-2026) Gautschi, Jeff Cascades Senator (8/31/2018-12/31/2018), C3 Ad Hoc (2018-2021) Ge, Ping GAC (2003-2006) Geddes, Scott Cascades Senator (01/31/2022-12/31/2022) Geller, Bruce FPHC (2004-2006), LC (2011-2014) Gerasymenko, Violetta BUS Senator (2017-2019) Germeten, Nicole von CC (2004-2007), P&T (2011-2012; 2013-2014), UAC (2007-2010), FGC (2014-2017), PoTTF (3/1/2020-6/10/2021), OEC (2022-2025), Admin Appt (2022-2025; chair 2023-2024, 2024-2025) Gess, Joshua ENGR Senator (2021; 2023-2024) Gess-Newsome, Julie CASCADES Senator (2014-2016), RC (2014-2016) Ghasedi, Sarah AcadRegs (2010-2012), UAC (2006-2007) Giamellaro, Michael RC (02/22/2022-10/20/2022) Giannico, Guillermo SCIENCE Senator (9/2015-12/2015); FGC (2009-2012) Gibbons, Claire GC Student member (2017-2018) Gibson, Nathan AdminAppt (2017-2020) Giebultowicz, Jadwiga SCI Senator (2004-2006) Giebultowicz, Jaga AdminAppt (2005-2008; Alternate: 2004-2005), BCC (2011-2012) Gillies, Anne ASSOC Senator (9/2002-2003; 2005-2007; 2008-2010; 2012-2014; 2015-2017; 2019-2021; 2023-2025), EC (2011-2012; 2021-2022) Gillis, John UAC (2001-2002) Gillow-Wiles, Henry FRAC Student Member (2008-2010) Ginsburg, Ariel FSC (2006-2009) Giovannoni, Steve BCC (2016-2018), SCI Senator (2017-2019), RC (2024-2027) Gitelman, Alix SCI Senator (2006-2008; 2012-2013; 2015-7/2015; 2016-10/15/2018), GC (2005-2006), EC (2014-7/2015), CC (2012-12/2014), BCC (11/2016-12/31/2017) Gire, Elizabeth SCI Senator (2022-2024) Gobeli, Dave CRC (2001-2003) Goddik, Lisbeth AgSci Senator (2008; 2010-2012; 2013-2015; 2016-2018) Godwin, Derek EXT Senator (2006-2008) AgSci Senator (2019-2021) Goergen-Doll, Gloria IFS Senator (01/25/2023-2025); EC (2025) Golya, Nandita ED Senator (02/13/2020-2022) Gombart, Adrian SRAC (2012-2015), RC (2020-2021) Gomez, Angelo ASSOC Senator (99-2001; 1999-2004; 2006-2008; 2010-2012; 2013-2014), EC (2002-2003) Gomez, Brenna SRAC (2020-2023) Gomez, Maricruz C3 (2022-2025) Gonzales-Berry, Erlinda LA Senator (2001-2003), P&T (2006-2007), DPD Gonzalez, Emily AOT Student Member (2005-2006) Gonzalez, Manolete BCC (Ad Hoc Member: 2006-2007) Good, Jim GAC (99-2001) Goodin, Zach AOT Student Member (2006-2007) Goodnow, Trischa BCC (2012-2014) Gopinath, Munisamy BFP (2002-2004), FPHC (2000-2004) Gordon, Jana VM Senator (2016-2018) Gottlieb, Evan FPHC (2004-2008), FSC (2011-2014), LA Senator (2012-2017), LC (2004-2007) Gragg, Jeremy CRC Student Member (2004-2006) Graham, Roger RC (2008-2010) Granger, Autumn AcadReq (12/07/2021-2023) Gray, Liz HEE Senator (2002-2004), BCC (Ad Hoc Member: 2006-2007), FRAC (2001-2002) Greaves, Kathy CRC (2006-2008), SRAC (2008-2011), UAC (2011-2014) Green, Cary BCC (2008-2010) Green, Erin SRAC Student Member (02/12/2018-06/30/2018) Green, James AgSci Senator (98-2000) Green, Kinsey PTRTF Greenough, Lynn ASSOC Senator (11/27/2018-12/31/2018; 2019-2021; 2022-2024) Greenwood, Jeffrey see Julie Greenwood effective January 2014. Greenwood, Julie SCI Senator (10/2007-2007; 2014-07/01/2016) Gregerson, Donna EXT Senator (97-1999) Gregg, Jillian C3 Ad Hoc (2018-2021) Gregory, Jeremy SRAC Student Member (2003-2005), UHCC Student Member (2004-2006) Gregory, Stan AgSci Senator (2000-2001; 2005-2007; 2010-2012), B&N (2010-2013), EC (2008-2009) Grejuc, Alex HCC Student Member (01/15/2020-06/15/2021) Grey, Suzanne AdminAppt (2023-2026) Greydanus, John ASSOC Senator (2006-2008), CC (2005-2012) Griggs, Larry BAAC Grimm, Cindy ENGR Senator (2019-2020) Grobe, Deana HHS Senator (2004-2006) Gross, Adam HCC Student Member (10/10/2022-06/30/2023, 10/06/2023-06/30/2024) Gross, Joan LA Senator (98-1999; 98-2002; 1998-2005; 2007-2009; 2007-2012; 2013-2017), B&N (2004-2005), CC (2000-2001; 2002-2004; 2016-2017), EC (2004-2005, 2012), IFS Senator (2010-2012) Grosskopf, Shawna P&T (99-2002), GC (2006-2009) Grunder, Anita SCI Senator (2004-2006; 2004-2008), GC (10/31/2016-7/31/2018) Guenther, Ronald FPHC (2000-2002) Gummer, Edith CRC (2001-2004) Gunadi, Haris CRC (2007-2012) Gunter, Katherine HHS Senator (2008-2010; 2011-2013; 2024-2026), P&T (2023-2026) Gupta, Rakesh FOR Senator (2002-2004), GAC (2003-2006), P&T (99-2002), RC (2006-2009), GC (2005-2006), FEW&RC (2016-2019) Gurung, Regan P&T (2020-2023) Guthreau, Karen FEW&RC (2002-2006), IGFC (2005) Gwin, Lauren AgSci Senator (2019-2021; 2024-2026) Haak, Margie AOT (2002-2005), BCC (2005-2010), SRAC (2012-2015), UHCC (2012-2015; chair, 2014-2015), ASC (2018-2021; co-chair 2019-2021) Hackel, Heidi Brayman LA Senator (2001-2003; 2005-2007), LC (99-2003) Hackel, Steve BFP (2002-2003) Hacker, Sally SCI Senator (2013-2015) Hagen, Chris Cascades Senator (2017-8/31/2018), RC (2020-12/31/2021) Haggert, James ROTC Senator (9/2001-2003) Haggerty, Roy SCI Senator (2008-2010; 2008-2011), OCEAN Senator (2012-2014), GAC (2009-2011; 2014-2017), MTF Hailemariam, Temesgen GAC (2008-2011), GC (2009-2010) Halaj, Melora DEC (2004-2006) Hale, Jeff LA Senator (2004-2005; 2009-2011), BFP (2010-2011), B&N (2006-2007; 2008-2009), DEC (2001-2005), EC Pres-Elect (2004), EC President (2005), EC Immediate Past Pres. (2006; 2008(Co.)), FPHC (2000-2002) Hales, Burke CC (2003-2006) Haley, Brian FSC (2010-2012) Halischak, Kate ASSOC Senator (2008-2010; 2012; 2013-2015), EC (2009-2010), FRAC (2011-2014), Bylaws (chair, 2014-2018), FS Pres Elect (2015), FS Pres (2016), FS Imm. Past Pres (2017) Hall, Cori SRAC (2006-2009) Hall, Jean VetMed Senator (2023; 2024-2026) Hall, Matthew COB Senator (2024-2026) Hall, Troy BCReform (2021-2022), FOR Senator (2023-2025), CEC (2024-2027) Haller, Merrick RC (2022-2025), ENGR Senator (2023-2025) Halse, Richard AcadReqs (2009-2012), UAC (2001-2006) Halsey, Kimberly GC (2020-2023); SCI Senator (2022-2024) Haluzak, Erik CoC Student Member (2002-2003) Hamblin, Jake UAC (2010-2013), CC (2017-2020), LA Senator (2020-2022), EC (01/14/2022-12/31/2022) Hamerski, Patti Admin Hamington, Stephanie UAC (99-2004) Hamm, Phil EXT Senator (2000-2002) Hammer, Roger LA Senator (2011-2013; 2018-2020), BCC (2008-2010), BFP (2010-2012), SGTF, FWC (01/04/2023-2024) Hampton, Laura BCReform (2021-2022) Haney, Angela Austin AcadAdv (2006-2008), CC (2008-2009), FRAC (co-chair 2016-2017) Hannaway, Kimberly FRAC (2009-2012) Hannigan-Downs, Kimberly PHHS Senator (2017-2018), C3 Ad Hoc (2018-2021) Hansen, Charlene ASSOC Senator (2022-2024) Hansen, Eric FOR Senator (2014-2016), P&T (2008-2011), SA Senator (2012-2013) Hansen, Michael ASSOC Senator (2016-2018) Hanson, Karen ASC (2010-10/2013) Harker, Andrew BCC Student Member (1/10/2020-6/15/20, 12/1/20-6/15/21) Hardin, Karin HEE Senator (98-2000; 1998-2003), CoC (2001-2003), FGC (99-2000) Hardy, Jay UAC (2021-2024) Harger, Bouquet SRAC (2017-2018) Harris, Terrance SA Senator (2020-2022) Harte, Michael CC (2017-2021), P&T (2022-2025; chair, 2023-2024, 2024-2025) Harter, Rod FPHC (2002-2006), HHS Senator (2001-2003; 10/1/2004-2005), GAC (2008-2009), GC (2005-2008) Hartley, Betsy AgSci Senator (2007-2009) Harvey, Marie GC (11/16/16-2018) Hase, Claudia RC (2014-2017) Hathaway, Ron EXT Senator (97-1999; 2005-2006), FEW&RC (99-2000) Hatten, Jeffery FOR Senator (2018-2019), RC (2018-6/30/2018) Hawk, Patricia ASSOC Senator (2012-2014) Hayes, Chrysanthemum ASSOC Senator (2016-2018; 01/15/2020-2022; 2023; 2024-2026), Div Cncl (2022-2024; chair 2022-2023, 2023-2024) Hayes, Julia DivCncl Student Member (10/10/2022-06/30/2023) Hayes, Patrick AgSci Senator (2007-2007; 2016-2018; 2020-2022) He, Shan P&T (2018-2020, 3/12/2021-2022), RC (12/21/2018-2019) Headley, Tom BCC (2002-2003) Headrick, Charlotte AdminAppt (2011-2012), LA Senator (2013-04/2014) Healy, Maureen FPHC (2002-2006) Healey, Deborah ASSOC Senator (2008-2009), CRC (99-2000), DEC (2002-2005), FGC (2000-2001), UAC (2006-2009), ISC, FTF Healey, Mo LC (2002-2005) Heath, Kathleen IGS Senator (1985) Heidel, Jerry VM Senator (96-2001; 2009-2011) Heiduschke, Sebastian LA Senator (2014-2016), LC (2012-2015) Heim, Erin AcadAdv (2019-2021; chair 2020-2021), UAC (2021-2024; co-chair 2023-2024) Hein, Wendy EXT Senator (2011-2015; 2018-2020; 2022-2024), FSC (2008-2011, 2013-2015) Heintz, Jessica ASC (2005-2006) Helbeck, Susan CC (2012-2014), ED Senator (2011), UAC (2009-2011), CC (2016-2017) Helget, Jim CoC Student Member (2001-2002) Helle, Anita LA Senator (2001-2003; 2006-2008; 2009-2011), UHCC (99-2000) Heller, Brad FRAC Student Member (2004-2005), SRAC Student Member (2004-2005) Hellickson, Martin FPHC (2000-2004) Hemmer, Jeri ASSOC Senator (2008-2010; 2/2011-2013), FGC (2008-2011) Hemphill, Delbert AgSci Senator (97-99) Henderson, Sarah LA Senator (2004-2006; 2008-2010; 2012), ASC (2002-2004), UHCC (2004-2007), FRAC (2023-2026) Henkel, Sarah HMSC (2016-2018) Henry, Heath BCReform (2021-2022), ASSOC Senator (2023-2025) Henthorne, Michael SA Senator (98-2000) Heppell, Scott AgSci Senator (2018-2020, 10/27/2021-12/31/2021), EC (2019), FS Pres Elect (2020), FS Pres (2021), FS Imm. Past Pres (2022) Heppell, Selina AgSci Senator (03/2012-2014, 2017-2019, 2024-2026), EC (2019-2020), FS PresElect (01/01/2020-12/31/2020, 05/20/2022-12/31/2022); FS President (01/01/2021-12/31/2021); FS Immediate Past President (01/01/2022-12/31/2022), P&T (2024-2027) Herlihy, Alan ASC (2003-2004), AdminAppt (99-2002), RC (2006-2009) Herman, Greg GC (2012-2015) Hermes, Jim FRAC (2002-2005) Hernandez, Sal ENGR Senator (2024) Herrera, Juan LA Senator (2017-2019) Herring, Peg AgSci Senator (2003-2005; 2008-2010; 2008-2013), B&N (12/s2013-2014) EC (2012), FRAC (2005-2006) Hetherington, Bill AcadRegs (1999-2000; 2003-2005) Higginbotham, Jack ENGR Senator (2007-2009), AdminAppt (2012-2015), B&N (2012-2013), EC Pres-Elect (2010), EC President (2011), EC Immediate Past Pres. (2012), P&T (2000-2003), UAC (2006-2009), GC (99-2000) Higgins, Karen ED Senator (4/1/2003-2004), CC (2001-2004), GAC (2012-2015), RC (2008-2011) Hilbert, Carey AcadAdv (2011-2012), UAC (2016-2019; co-chair 2017-2018; co-chair 2018-2019) Hilker, Thomas COF Senator (2014-06/2015) Hill, Jennifer SRAC (2011-2013; Co-Chair, 2013-2014) Hill, Kurt ASSOC Senator (2023-2024) Hill, Tom UAC (2004-2007) Hilterbrand, Lori SRAC (2016-2019) Hino, Jeffry AgSci Senator (2010-2012; 2014-2016) Hiratsuka, Yuji FPHC (2002-2006) Hirsch, Naomi LC (2011-2012) Ho, Emily HHS Senator (2004-2006) Ho, Shing SCI Senator (2003-2005; 2003 to Jun-07) Hobbs, Steve RC (99-2000) Hoelscher, Steve BFP (2009-2011) Hofer, Scott HHS Senator (2008 to June 2009) Hoff, Joe ASSOC Senator (2007-2009; 2007-2010), BFP (2008-2010), EC (2009-2010) Hoffman, Jim FRAC (2011-2013) Hoffman, Mark AdminAppt (2013-2016), HHS Senator (2012-2014; 2020-2022; 2023-2025) Holcomb, Brian BFP Student Member (2004-2005) Holder, Troy VM Senator (2020-2022) Holdren, Rich ASSOC Senator (2010-2012) Holland, Pete LC Student Member (03/25/2019) Holmberg, Karen GAC (2016-2018), LA Senator (2023), AOT (2023-2026) Holmes, Marigold GAC (2020-2023; chair 2021-2022,07/01/2022-01/01/2022) Holmes, Zoe Ann ISC Holst, Laurie AcadRegs (2011-2014; 2013-2014) Holzenthal, Elizabeth AoT Student member (04/08/2019-06/15/2019,10/21/2019-06/15/2020,07/01/2020-06/15/2021) Hommel, Demian HCC (10/09/2023-2026); CEOAS Senator (2024-2026) Hones, Sarah Ann AcadReqs (2000-2003) Hoogesteger, Lisa FEW&RC (Chair, 2013-2015), SA Senator (98-2000; 2004-2006; 2012-2014) Hooker, Karen HEE Senator (98-2000), HHS Senator (2007-2009; 2007-2010; 2011-2012), GAC (99-2000), EC (2014), IFS Senator (2013-2014) Hooven, Louisa AgSci Senator (2024-2026) Hoover, Breii GC Student Member (2008-2009) Hopp, Susan UHCC (2006-2008) Hopper, Kevin SRAC Student Member (2007-2009) Horne, David SCI Senator (2000-2001; 2003-2005), LC (99-2002) Horst, Megan ASC Student Member (2000-2001) Hostetler, Bill IPPDE Houseman, Andy RC (co-chair, 2016-03/31/2017) Houston, Laurie C3 (2021-2024, 2024-2026) Houtman, Nick ASSOC Senator (2011-2013), FPHC-alt (2008-2012) Howard, Trevor ENGR Senator (2023-2025) Howe, Glenn RC (2016-2018) Howell, Kathy FOR Senator (2002-2004), CRC (2002-2008) Howes, Satoris FRAC (2021-2023), HCC (2024-2027) Hoxmeier, Jill AoT (2024-2026) Hoyser, Linda AdminAppt (2006-2009), BFP (2002-2006), CoC (2010-2011) Hsieh, Ping-Hung BUS Senator (2004-2005), FRAC (2003-2004), RC (2010-2013), CC (2020-2023; co-chair 01/03/2022-6/30/2022, 2022-2023) Hsu, Victor CRC (2012-2015; Co-Chair, 2013-2014), SCI Senator (6/2007-2008; 2009-2011), BCC (2007-2012) Hu, C.Y. BFP (2004-2005) Huber, McKenzie BCC (2018-2022; co-chair, 2016-2017, 2019-2021), FOR Senator (2020-8/1/2021), IFS Senator (2020-2022), EC (2022) Huber, Michael VM Senator (98-2000; 1998-2003; 2016-2017) Huber, Wayne ENGR Senator (2001-2003; 2006-2008) Huddleston, J. Herbert AgSci Senator (2001-2002, 2004-2006) Huemer, Sabine C3 (2024-2025) Huey, Earlean Wilson AcadReqs (2004-2006) Huff, Aimee BUS Senator (2020-2022), DivCncl (2021-2024; chair 03/01/2022-06/30/2022) Hughes, Judy ASSOC Senator (2005-2007), AdminAppt (2004-2006), FSC (2005-2007) Hughes, Kira AcadReqs (2011-2014), BCC (10/2014-2017), LC (2010-2013) Hui, Elirissa SRAC Student Member (02/22/2018-06/30/2018) Hundhausen, Chris GradCncl (12/13/2022-2023) Hunter-Zaworski, Kate ENGR Senator (2005-2007; 2005-2010; 2015-2017), AcadRegs (2007-2008), AdminAppt (2008-2011, 2019-10/15/2019), BCC (2008-2009), B&N (2010-2011; Chair, 2013-2014), CC (2002-2005), IFS Senator (2006-2008, 06/16/2012-12/31/2012), EC (2008, 2012), EC Pres-Elect (2011), EC Pres. (2012), FSC (2000-2003), UHCC (2006-2009, 2016-2017; chair, 10/15/2019-2020), BFP (chair, 2016-2018) Hurst, Allison UAC (2016-2018, chair 2017-2018), LA Senator (2021) Hurwitz, David AcadReg (2018-2021), COE Senator (12/8/20-12/31/20; 2021-2023) Husband, Bill RC (2003-2007) Huso, Manuela FOR Senator (2009-2011), ASC (2003-2006), UAC (2007-2008) Hussong-Christian, Uta BCC (2010-2012), P&T (2018-2021) Hutchings, Jennifer LC (2023-2026) Huth, Dorris SRAC Student Member (2006-2007) Huyer, Adriana OCEAN Senator (97-1999) Hystad, Perry C3 (2022-2025; co-chair 2023-2024, 2024-2025) Ianni, Eric CC (2020-2023; co-chair 2022-2023) Ibarra, Drew BFP (2017-2020, chair 2018-2020) Ibrahim, Farah P&T (2005-2006) Ideker, Jason ENGR Senator (2019-2020; 2022-2023) Ihara, Justin UHCC Student Member (2002-2003) Iltis, Robert LA Senator (2004-2006), CC (2010-2013), UHCC (2014-12/15/2016) Inderbitzen, Michelle AOT (2007-2009), CoC (2003-2007), LA Senator (2016-02/2019; 01/2020-2022; 2023-2025) Indra, Arup PHARM Senator (2007-2009), RC (2008-2010), CC (2019-2022, 2022-2025) Ingle, James SCI Senator (2000-2002) Ingram, Michael ASC (2005-2007), FGC (2001-2003), FGC (2003-2004) Ireland, Heather DIV Student Member (2010-2011) Irvin, Veronica GradCncl (2024-2027) Ishmael, Jane PHARM Senator (2003-2005), FGC (2016-2018) Istok, Johnathan (Jack) ENGR Senator (2017), BCC (2020-2023) Ito, Matthew FPHC-alt (2010-2014) Jacobsen, Grant C3 (12/02/2022-2024) Jackson, Delphine SRAC (2000-2001) Jackson, Phil FGC (2000-2001) Jaiswal, Pankaj AgSci Senator (2022-10/10/2023) James, Gabs SCI Senator (2024-2026) James, Marcene SRAC (2001-2002) Jameson, Sandy UAC (2011-2014), ASC (2017-2020) Jameson, Sara CC (2010-2013), OEC (2014-2017) Jander, Albrecht FSC (2011-2014) Jansen, Henri SCI Senator (2001-2003; 2005-2007; 2009-2011; 2012-2017; 2019-2021), CRC (2008-2011), P&T (Chair, 2013-2014; Co-chair, 2014-2015; 2011-2016), SET, FGC (2016-6/15/2018, chair 2017-2018), EC (2015-2016), PoTTF (co-chair, 3/1/2020-6/10/2021) Jarvis, Bob BCC (99-2001) Jayawickrama, Keith C3 Ad Hoc (2018-2021), C3 (2021-2024, 2024-2027; co-chair 2021-2022, 2022-2023, 2023-2024, 2024-2025) Jeffreys, Brad FRAC (99-2000) Jeliazkov, Valtcho AcadReq (5/18/20-2022), AcadStdg (2023-2026) Jeneva, Polly FEW&RC (2004-2007), IGFC (2005) Jenkins, Joey SRAC Student Member (2005-2006) Jenkins, Stephanie DIV (2016-2019, co-chair 2017-2018, chair 2018-2019) Jenkins, Stephen SA Senator (2016-2018), LC (2019-2020) Jennings, Joseph OCEAN Senator (2002-2004) Jennings, Tammy VM Senator (2004-2006) Jensen, Carlos ENGR Senator (2014-2015; 2019-03/15/2020), RC (2007-2010) Jensen, Ed AOT (2005-2007), BCC (2001-2004), SRAC (Chair, 2011-2012; 2012-2013), UHCC (2008-2013) Jensen, Tim UHCC (2016-2019), GAC (2018-2021; chair, 2019-2021), BCReform (2021-2022), LC (2022-2025) Jepson, Paul AgSci Senator (2004-2006; 2004-2009; 2012-04/2014), SCI Senator (98-2000) Jeter, Brett DEC (2006-2009), AdminAppt (2023-2026) Jiang, Yuan GC (10/01/2018-2020) Jimmerson, Debra ENGR Senator (98-2000), FGC (99-2000), FRAC (2000-2003) Johansen, Carly PFI (2023-2026) Johns, Jennifer VM Senator (11/2021-12/31/2021) Johnson, Becky AdminAppt (2000-2002), PTRAC Johnson, Colin RC (2017-2020), BCC (2022-2024) Johnson, David IS Senator (99-2001) Johnson, Douglas FPHC (2002-2006) Johnson, Janell AcadReqs (2016-2018), UAC (2018-2021, co-chair 2019-2021), AOT (2019-2021), ASC (2022-2024) Johnson, Kristin ASC Student Member (2001-2002) Johnson, Linda AcadReqs (2003-2006), UAC (99-2000) Johnson, Lindsey SRAC Student Member (2006-2007) Johnson, Pamela ASSOC Senator (2024) Johnson, Samuel AOT (2021-2024) Johnson, Tonya EXT Senator (2019-03/08/2020), FWC (2022-2023) Johnston, Alison LA Senator (2021-2022; 2024-2026) Johnston, Matthew UHCC (2016-2019, 2020-2023), ENGR Senator (2017-2019, 03/2021-12/31/2021, 2022-2024), GC (1/1/2021-12/09/2022) Jones, Christy SRAC (02/08/2018-2021) Jones, Joy EXT Senator (97-1999) Jones, Julia SCI Senator (2001-2003; 2005-2007; 2005-2008), FGC (2009-2011) Jones, Julia ASC Student Member (2007-2008) Jones, Melanie HHS Senator (2009-Apr-2010), ASC (2012-2017) Jones, Michelle SRAC (2000-2001) Jorgenson, Joy AcadReqs (2008-2011) Jordan, Cheryl FPHC (2000-2002) Jovanovic, Goran ENGR Senator (2006-2008; 2016-2017; 2020-2022, 2024-2026), ASC (2002-2005), EC (2007-2008, 7/30/2021-12/31/2021), RC (99-2002), UHCC (2008-2011), SGTF, PTRAC, DIV (2016-2019), IFS Senator (2018-2020, 7/30/2021-12/31/2021), AdminAppt (2023-2026) Judd, Darlene LC (99-2002) Jump, Donald GC (2012-2015) Kaiser, Clive EXT Senator (2013-7/2015; 2018-08/29/2019) Kahl, Jabin SRAC Student Member (2005-2007) Kamke, Fred FOR Senator (10/1/2007-2007) Kanury, Murty ENGR Senator (4/2003-2004), FSC (2004-2005), RC (2000-2001) Kaplan, Jonathan AdminAppt (2011-2014), CRC (2003-2006), LA Senator (2020-2022) Karchesy, Joseph FPHC (2000-2002) Karow, Russ P&T (10/23/12-12/2014; co-chair, 2014-12/2014) Karplus, P Andrew SCI Senator (2010-2017), GAC (2006-2007), EC (2013-2014) Kayes, Lori BCC (2012-2015), FRAC (2017-2018), SCI Senator (2019-2020; 2023-2025),BCReform (2021-2022; co-chair, 2021-2022) Kaufman, Diane FGC (2001-2004) Kavanaugh, Maria RC (2021-2022) Ketcham, Pat ASC (2013-2016) Ketrenos, Marina HCC Student Member (10/06/2023-06/30/2024) Ketsdever, Andrew CC Liaison (2018-2020) Keil, Ron AcadRegs (2007-2009), AcadReqs (2004-2007) Keller, George FRAC (2005-2008) Keller, Mark FTF Kelly, Christine ENGR Senator (2017-8/31/2018; 2019-2021) Kelsey, Mary IFS Senator (1990-1992), EC (1992) Kennedy, Matt CC (2012-2013), UAC (2016-2018), BCC (2019-2022, 2022-2025) Kenney, Jeff SA Senator (2014-2016; 2018-04/17/2018) Kent, Adam AcadReqs (2012-2013; 2014-2017; chair, 2014-2015), AcadReqs (2014-2017; chair, 2014-2015), UAC (2016-2017), GAC (11/02/2022-2025), GradCncl (04/12/2023-2025) Kent, Mike GC (2010-2011) Kent, Nicole AAC (chair 2024-2025), FOR Senator (07/21/2023-01/11/2024) Keon, Dylan LC (2014-2017) Kerish, Kate LC (2019-2022), ASSOC Senator (2023-06/12/2023); SCI Senator (2024-2026) Kerlin, Scott SRAC (2024-2027) Keszler, Doug SCI Senator (6/2007-2008; 02/09/2021-12/31/2021), AdminAppt (2011-2014, 2018-2021) Kerkvliet, Joe AcadRegs (1999-2002), BCC (2002-2003), LC (2005-2006), RC (2005-2006), IPPDE Kerkvliet, Nancy AgSci Senator (98-2000) Ketchum, Lynn AgSci Senator (2007-2008) Ketchum, Pat ASC (2010 - 2012), FSC (2009-2012) Khan, Amarah DIV (2016-2018) Khan, Lubna UHCC Student Member (2011-2012) Khan, Mak BFP Student Member (04/04/2022-06/30/2022) Khanna, Sunil GAC (2002-2005), RC (2005-2006), PHHS Senator (2018-2020), P&T (2018-2021, chair 2019-2021) Kibler, Amanda AOT (2019-2022) Kiemnec, Gary FPHC (2000-2004) Kiemnec, Karen UHCC Student Member (2003-2004) Kilcher, Levi UAC Student Member (99-2000) Kile, Molly PHHS Senator (10/30/2018-12/31/2018; 2021-2023); RC (2021-2023), FGC (2023-2026) Killefer, John AdminAppt (2013-2016; chair, 2014-2015) Kim, Candice AdminAppt (2017-2020) Kim, Minjeong AOT (2010-2012), GAC (2013-2014) Kim, Steve CC (2004-2005) Kimerling, Jon SCI Senator (7/1999-1999; 7/1/1999-12-2000; 2/2003-2004; 2005-2007), CC (2005-2007) Kincanon, Kerry AcadAdv (2005-2007; chair 2022-2023), BCC (2010-2012), CoC (2001-2004), CC (2007-2008), BCReform (2021-2022) Kincl, Laurel C3 (2021-2023) King, Dave ETF King, Joy AcadReqs (2023-2026; chair 2024-2025) King, Jonathan BUS Senator (2000-2002) King, Lynda UHCC (99-2001; 2003-2006) King, Nancy BUS Senator (2011-2013), GC (2007-2010) King, Valery B&N (2006-2009), UAC (2008-2011), AdminAppt (2016-2018) Kingston, Deanna LA Senator (2005-2007), RC (2001-2005) Kioussi, Chrissa PHARM Senator (2012-2014), GC (2007-2009, 2020-2023) Kirby, Eric P&T (2016-2017) Kirk, Amanda OEC Student Member (2017-2018) Klein, Andy ENGR Senator (97-1999), RC (2011-2014) Klein, Glenn IFS Senator (1982-1984) Kleinsorge, Ilene FGC (2001-2002) Klink, Gary ROTC Senator (2/2004-2006) Klopfenstein, Joe CC (3/13/2019-2021) Kneece, Kelly AcadReqs (2009-2012) Kneis, Philipp UAC (02/02/2022-06/30/2022, 2022-2025; co-chair 2023-2024) Knight, Briana SRAC Student Member (2007-2008) Kniss, Jason SRAC Student Member (2006-2007) Knowles, Chris FOR Senator (2016-2018) Knutson, Chris CoC (2017-2020) Koch, Liz DIV (2010-2012) Kocher, Carl UHCC (99-2000) Koehlinger, Amy RC (2018-2021), CC (2021-2024; co-chair 01/03/2022-6/30/2022) Koenig, Hal BUS Senator (99-2001), GC (2003-2007) Kolluri, Siva RC (2010-2012, 2016-2022, 2024-2027; co-chair 2017-2018; chair 2018-2022, 2022-2023) Kolzow, Autumn AAC Student Member (11/7/19-06/15/20) Konrad, Kim SRAC Student Member (2006-2008) Koong, L.J. AgSci Senator (2003-2005), IGFC (2000), IFS Senator (2004) Koretsky, Milo ENGR Senator (2/2003-2003; 2010-2012; 2013-2015), BCC (2003-2006), BCRC (2008-2010) Kostenbauer, John FGC (2001-2002) Kostromitina, Yuliya CRC Student Member (2006-2007) Kowalewski, Alec FGC (2018-2021, 10/27/2021-2024,10/27/2021-2022, 2022-2024, ; chair 2019-2021, 2023-2024 ); AgSci Senator (11/29/2023-12/31/2023) Kozisek, Kelly AdminAppt (2010-2013) Kraemer, Dale RC (2009-2010) Krahn, Gloria PHHS Senator (2016-08/31/2018) Kramer, Ryan SRAC Student Member (2005-2006) Krane, Ken AOT (2000-2003), FEW&RC (2009-2012), PTRTF Krankina, Olga ASC (99-2000), RC (2002-2004) Krause, Joseph LA Senator (99-2001; 2003-2005) Krenzler, Lisa FEW&RC (2013-2015) Kretschmer, Kelsy LA Senator (07/26/2023-01/11/2024, 2024) Krieves, Jeff SRAC Student Member (2001-2002) Kristick, Laurel B&N (2001-2004), DEC (2007-2010), RC (2010-2013) Kroshus, Ginny AdminAppt (2018-2021) Kulah, Chris C3 Ad Hoc (2018-2019) Kuo, Grace AdminAppt (2021-05/04/2022) Kutten, Hannah DivCncl Student Member (12/1/20-6/15/21) Kutzler, Michelle P&T (2009-2012), BFP (2016-2017) Kuzeppa, Jennifer ASC (99-2001), FPHC (2000-2004) Kvidt, Karen SRAC (2001-2004) Lacey, Patricia SRAC (2012-2015) Lach, Denise BCC (2006-2009), CoC (99-2000), RC (2003-2004; 2013-2015), GC (2009-2012), AdminAppt (2016-2017), BFP (2016-2019) Lachenbrach, Barb RC (2009-2012) Lachenbrach, Tony RC (2008-2011; chair, 2010-2011) Lackey, Robert FRAC (2016-2019) LaGrange, Kenneth FRAC Student Member (2000-2001) Lajtha, Kate SCI Senator (97-1999; 2004-2005; 2006-2008), UHCC (2000-2003), CC (2020-2021) Lambrinos, John BCC(2008-2010), AgSci Senator (2020-2021;2022-2023) Lancelin, Rebekah AcadAdv (2009-2011), CC (2011-2012), SRAC (2009-2012), UAC (2008-2010), FRAC (2016-2018, co-chair 2017-2018), AcadReg (2022-2025) Landau, Rubin SCI Senator (99-2001; 99-2004), EC (2000-2001), RC (99-2001), IGFC (2000), IPPDE Landis, Larry IS Senator (2002-2004), ASSOC Senator (2002-2006), LC (99-2003) Langford, Charles P&T (2001-2004) Langford, Marcus SA Senator (2006 to Jun-07) Larkin, Leigh ASSOC Senator (2006) Larson, Ann UAC (2007-2011) Larson, Dan SA Senator (2006-2008) Larson, Mark LC (99-2001) Lauer, Rena LA Senator (2018-2020) Lawson, Stephen FM (2004-2007), RC (2004-2005) Lazzati, Davide CRC (2017-2020) Leavengood, Scott FOR Senator (2008-2010; 2015-2017) Leavitt, Keith BUS Senator (2014-2016; 11/29/2023-12/31/2023; 2024-2026) Leboeuf, Steve ASSOC Senator (2/2006-2006) Lederman, Norm P&T (99-2001), MTF Le, Reagan SA Senator (2018-2019) Lee, Ben ENGR Senator (2005-2007; 2018-2020), DPD Lee, Janet LA Senator (2000-2002; 2011-03/2012), ASC (2007-2009), BCC (2000-2003), DIV (2011-2013), GC (2012-2015), P&T (99-2000; 2005-2006, 2016-2019) Lee, John SCI Senator (96-2001; 2003-2005; 2007-2009), BCC (99-2002), BCC (2000-2001), CC (2005-2008), FEW&RC (2008-2011) Lee, Phyllis ASSOC Senator (99-2001; 1999-2004), EC (1999), FM (2000-2003) Lee, Seunghae BFP (2016-2017) Lee, Stacey LC (2012-2015), GAC (2016-2017) Lee, Terrance SRAC Student Member (01/23/2017-06/15/2017) Lee, Yun-Shik SCI Senator (2022-2024) Legler, Marit FPHC-alt (2000-2004) Leibowitz, Flo BFP (99-2001), CC (99-2001), RC (2008-2011), UHCC (2006-2007) Leid, Mark RC (2003-2007; 2010-2011; 2014-2016) Leider, Stevene FPHC-alt (2006-2010) Lein, Mei-Ching P&T (chair, 2016-2017) Leklem, James FPHC (2000-2004) LeMay, Malcolm BUS Senator (2005-2006; 2005-2007; 2011-2013, 2017-2019) Lemons, Rebecca C3 (2023-2026) Lenn, Chris BFP Student Member (2009-2010), GC Student Member (2009-2010) Leong, Jo-Ann RC (99-2000) Lerczak, Jim OCEAN Senator (2008-2010; 2021-2023) Lerner, Michael BCC (2010-2012), GC (2011-2012) Leslie, Susie ASSOC Senator (2008-2009; 2008-2011) Lesser, Virginia FPHC (2010-2014), SCI Senator (2008-2010; 2013) Letelier, Ricardo RC (2010-2013; chair 2011-2012; co-chair, 2012-2013), GC (2019-2022; 2022-2025) Levien, Keith ENGR Senator (2004-2006) Levine, Danielle SRAC Student Member (2011-2012) Levine, Murray OCEAN Senator (97-1999; 2003-2005), GC (2010-2012) Lewallen, Ian BFP Student Member (2004-2005) Li, Hua-Yu FRAC (2001-2004), GAC (2005-2006), LC (2008-2011, 2020-2023), ASC (2012-4/1/2013), Status (2020-2022) Li, Judith AgSci Senator (2001-2003), FTF Li, Sandra SRAC Student Member (03/25/2019-06/15/2019) Liburdy, Jim P&T (2006-2011), UHCC (99-2001) Lien, Mei-Ching RC (2011-2014), DivCncl (2022-2025) Lightburn, Geordan AOT Student Member (4/25/2018-6/15/2018) Lillie, Robert SCI Senator (10/2006-2008) Lim, Juyun FRAC (2017-2020) Linares, Roberto PHARM Senator (2014-2019) Lindberg, Kreg AcadRegs (2011-2014), RC (2012-2015), DIV (2016-2017, 2017-2020) Linder, Katie RC (2016-2019) Lindgran, Merlynn OEC Student (2016-01/10/2017) Lindsley, Adam C3 (2023-2026) Linville, Miranda SRAC Student Member (2007-2008) Loehr, Christiane FEW&RC (2013-2015), FWC (2022-2023), VetMed Senator (2024) Logan, Sam HCC (12/23/2022-2025) Loges, Bill LA Senator (2011; 2013-2015), CoC (2009-2012), SET, CRC (Chair, 2016-2017) Lomax, Terri SCI Senator (95-2000; 2002-02/2003) Londhe, Shrikant AcadReq (2024-2027) Longerbeam, Susan SA Senator (97-1999), FM (99-2001) Lorente, Clara Llebot LIB Senator (2019-2021) Louhaichi, Mounir AcadReqs (2003-2004) Loveland, Walt AdminAppt (99-2000), BFP (2001-2004; 2011-2012, 2016-2018), B&N (2010-2012), CC (2000-2005), IPPDE, GC (2008-2011), FEW&RC (2016-2019) Lowery, Summer Ed Senator (2019-06/01/2019) Lowrie, Miriam EXT Senator (98-2000) Lucas, Chrissy FWC (2022-2024) Luck, Jeff PHHS Senator (2017-11/7/2018); BFP (03/29/2022-2024; chair 2023-2024) Luft, David LA Senator (04/2012-2013) Lunch, Bill LA Senator (98-2000; 2003-2005; 2003-2008), AcadRegs (2007-2010), AdminAppt (99-2004; 2007-2010), BFP (2002-2003), EC (1999-2000), FM (99-2000) Lundin, Fred EXT Senator (99-2000) Lundy, Jim ENGR Senator (2004-2006), BFP (2002-2004), EC(2003), P&T (2003-2004), PTRTF, IFS Senator (2001-2003), EC (2003) Luster, Marleigh ASC (2010-2011) Lykins, Daniel BUS Senator (2009-2011), BCRC (2009-2010) MacCarty, Nordica ENGR Senator (2020-2022) MacDonald, Megan HHS Senator (2022-2024) MacTavish, Kate CC (2008-2011; 2013-2014) (eff. 10/12), ETF, PHHS Senator (2018-2020), EC (2020-2021); FS PresElect (01/01/2022-05/19/2022); FS President (05/20/2022-12/31/2022) Machorro, Katrina AcadRegs (2016-03/14/2017) Mack, Andre CRC (2006-2007) Madrigal, Chon SRAC Student Member (2008-2010) Madsen, Lisa UAC (2018-2021), OEC (2021-2024) Maes, Cari SRAC (4/5/2017-5/22/2019, co-chair 2018-5/22/2019); LA Senator (2019-2020) Maes, Kenneth CLA Senator (2021) Magaña, Mario ENGR Senator (2009-2011), AOT (2009-2012), EC (2011-2012), RC (2001-2002) Magaña, Mario HHS Senator (2012-2014), SET Magdaleno, Leela C3 Ad Hoc (2018-2021), C3 (2021-2024) Maguire, Doug FOR Senator (2003-2005) Magnuson, Anna FOR Senator (2022) Mahana, Michelle HHS Senator (2009-2011, 2017-2019), FRAC (2006-2009), SRAC (2011-2013; Co-Chair, 2013-2014), PHHS Senator (2013-2015) Mahmud, Taifo PHARM Senator (2004-2006); GAC (2005-2008; 2013-2016), RC (2011-2013) Maier, Claudia RC (2005-2008) Maisch, Filix BCC (2016-2018; 2018-2020; co-chair 2018-2020); BFP (2021-2024, 2024-2027) Majeski, Joe ASSOC Senator (2002-2004), FPCH-alt (2000-2004) Makepeace, Josh SRAC Student Member (2008-2009) Males, Jim B&N (99-2002) Maldonado, Marta LA Senator (2017-2018), LA Senator (2024-2026) Malewitz, Raymond LA Senator (2014-2016) Malhotra, Rajiv LC (2014-2016) Mali, Urmila AcadReqs (2013-2016; 2020-2021), ASC (2004-2009), FGC (2004-2007), SRAC (99-2001, 2016-2018, chair 2017-2018) Maller, Michelle COF Senator (2021-01/31/2022) Mallery, Mike CoC (99-2001) Mallory-Smith, Carol AgSci Senator (98-2000; 2005-2007; 2005-2010), B&N (2007-2009), EC (2008), FSC (2006-2009) Mallette, Natasha ENGR Senator (10/11/2023-12/31/2023) Malone, Jeff AcadReqs (2006-2008), ASC (2010-2012; 2013-2014), AcadAdv (chair 2023-2024) Malos, Nicholas AcadRegs (2021-2024) Maluegs, Sally IFS Senator (1978-1979) Mandsager, Ron VM Senator (2012-2014) Maness, Tom FOR Senator (2011), ETF Mannering, Anne UAC (2018-6/30/20) Manogue, Corinne BCRC (2008-2010) Manore, Melinda BCC (2012-2015), FRAC (2013-2015) Marcelin, Bamba FPHC-alt (2004-2008) Marcum, Wade GAC (2010-2015) Marcus, Craig RC (2011-2012) Markle, Doug GC (2000-2003) Marks, Andrea LA Senator (2012-12/2012), P&T (2002-2005) Marquez, Lizabeth UAC (2022-2025) Mars, Byron BUS Senator (2007-2009) Marshall, Byron B BUS Senator (2013-2015) Martin, Jennifer HCC Student Member (10/06/2023-06/30/2024) Martinez, Charlene SA Senator (07/03/2018-12/31/2018) Martinez, Raina AcadRegs Student Member (2002-2003), SRAC (2017-2019; co-chair 2017-2019), UAC (2021-2024) Marino, Beth CC (11/1/2022-2024, 2024-2027) Martorello, Vincent ASSOC Senator (2008-Jun-09) Massad, Tara C3 (2023-2026) Mason, Ben GC (2018-12/15/20, co-chair 9/30/19-12/15/20) Mason, Bob SCI Senator (2003-2005; 2003-2008; 2011-10/2016; 2020-08/01/2021), CoC (2000-2002; chair 2002), EC (2005-2006; 2016-2018), UHCC (2008-2009; 2019-2021; chair 2020-2021), RC (2016-10/31/2016), FS Pres Elect (11/1/2016-12/31/16), FS Pres (1/1/2017-12/31/2017), FS Imm. Past Pres (1/1/2018-12/31/2018), PoTTF (co-chair, 3/1/2020-6/10/2021) Mata-Gonzalez, Ricardo GAC (2010-2013); AgSci Senator (2015-2017;2018-2020); CC (11/3/2021-12/15/2021) Matano, Ricardo GAC (2006-2009), GC (2008-2009) Matheis, Christian FPHC (2010-2014) Mathern, Rebecca CC (2014-2015), ASSOC Senator (2015-2017; 2018-10/30/2019) Mathew, Prem BUS Senator (Sep-09-2010), CC (2012-2015; Co-Chair 2016-2019); (05/23/2024-12/31/2024) Mathews, Chris RC (2000-2001) Matzke, Gordon B&N (2001-2002), EC Pres-Elect (1999), EC President (2000), EC Immediate Past Pres. (2001), BAAC, FTF Matzke, Mary Ann SCI Senator (2005-2007), AcadAdv (2004-2006), CC (2006-2007), SRAC (2001-2004) Maul, John LA Senator (2002-2004) Mayaram, Karti ENGR Senator (2014-2019) Mayers, Mike SRAC (2009-2012, 2023-2026) McAlexander, Jim AdminAppt (2009-2011), FEW&RC (2006-2009) McAlexander, Kim HHS Senator (2007-2009; 2007-2012), AcadReqs (99-2001), ASC (2002-2005), EC (2008-2010), PHHS Senator (2014-2014) McAloney, Kim SRAC (2021-2024) McAllaster, Michelle

formerly Eck, Michelle AdminAppt (2011-2014), AcadRegs (2014-2017), ASC (2018-2021; co-chair 2018-2021), BCC (10/31/22-05/01/2023), AgSci Senator (2023-05/01/2023) McCalpine, Erika CASCADES Senator (2019-2020), EC (2020), FS PresElect (01/01/2021-12/31/2021), FS President (01/01/2022-05/20/2022) McCambridge, Mark ASSOC Senator (98-1999; 98-2002) McCandless, David GC Student Member (2005-2006) McCarley, Cyndie CC (2023-2024, 2024-2027) McCarley, Jason CoC (2017-2020); HCC (2019-2020) McCarthy, Dan CoC Student Member (2003-2004) McCaughan, Bill IPPDE McClaughry, Kalysta SRAC Student Member (2005-2007) McComb, Brenda CC (2010-2011) McCubbin, Jeff BFP (2005-2010) McCune, Bruce SCI Senator (2005 to Oct-07) McDaniel, Mina AgSci Senator (98-99; 98-2002), AdminAppt (2002-2004), CC (2004-2006) McDonnell, Rory GAC (2/14/2020-2021) McFarland, Annette BCC Student Member (2006-2007) McFarlane, Brett ENGR Senator (2010-2012) McGorrin. Bob AgSci Senator (2015-2017); B&N (2016-2018) McGrath, Dan EXT Senator (2008-2009) McGraw, Lori BCC (2019-2023, 2023-2026), BCReform (2021-2022) McGregor, Erin UHCC Student Member (2003-2004) McGregor, Jessina SRAC (2011-2013), UHCC (2010-2013) McIlvenny, Luke BFP (2011-2016; Chair, 2013-2014) McIntosh, Kathryn ED Senator (2022-2024), HCC (11/02/2022-2024) McIntyre, David SCI Senator (2008-2010, 2014-2019; 2021-07/01/2023) McKay, Jennifer RC (2009-2012) McKenna, Wendy FGC (2013-2015) McKiel, Carol J CC (11/10/2017-2023; co-chair 2018-2020) McKnight, Christina ASSOC Senator (2018-2019) McLain, Tom RC (2000-2003), GC (2005-2008) McLaughlin, Ann FPHC-alt (2000-2008), SRAC (2009-2012) McLeod, Brock SCI Senator (2005-2007) McMillen, Paula LIB Senator (2005-2007), AOT (2001-2004), UHCC (2007-2008) McMorran, Jeff FEW&RC (2005-2006) McMullen, Starr IFS Senator (2009-2011), EC (2011), GC (2005-2006) McMurray, David AcadRegs (2000-2005), BCC (2003-2005; 2009-2012) McNair, Delores GC Student Member (2001-2002) McNamara, Pat UAC (2005-2008) McNeely, Lacey AcadStdg (2024-2027) McVicker, DyAnn ENGR Senator (2004-2005) Mead, Clifford UHCC (2006-2008) Meara, Brian ETF Medlock, Jan VM Senator (2020-2020, 2021-08/02/2022) Mehlenbacher, Shawn RC (2021-12/31/2024) Meigs, Andrew OCEAN Senator (2016-2018) Melathopoulos, Andony AgSci Senator (2021-2023) Mellinger, Margaret LIB Senator (7/2015-12/2015; 2011-2013), CoC (2006-2009), B&N (2016-2019), EC (2022-2023), UAC (2023-2026) Melton, Barbara LA Senator (2003-2005; 2003 to Jul-2007) Mendez-Luck, Carolyn PHHS Senator (2019-2021) Mendoza, Lauren SRAC (2024-2027) Meng, Qinglai GAC (2013-2016), BCC (2016-2017), C3 Ad Hoc (2018-2021), FGC (2019-2022), FRAC (12/22/2022-03/06/2024) Mentler, John UAC (2011-2014, 2016-2017) Messersmith, Ann GAC (99-2001), IPPDE Merickel, Mark HEE Senator (99-2001), AcadRegs (2004-2007), CC (2000-2002; 2004-2005) Merrill, Gary FRAC (99-2000), RC (2012-2015) Merrill, Lexie SRAC Student Member (2011-2012) Metoyer, Ron DIV (2011-2014; Co-Chair, 2013-2014) Metzler, Ron AOT (2007-2010) Meyers, John DEC (2010-2011) Meyers, Mark AcadRegs (2009-7/1/14), CoC (2006-2008) Michael, Robert FEW&RC (2000-2003) Middleton, Cheryl LIB Senator (7/2015-12/2015); IS Senator (2000-2002), BCC (2005-2008), FSC (2008-2011, 2013-2015; Co-Chair, 2013-2014; Chair 2016-2018), UAC (2004-2005) Mieger, Jennie UHCC Student Member (2001-2003) Miles, Katherine UHCC Student Member (2001-2004) Miles, Prudence ASSOC Senator (2004-02/06), FRAC (2004-2007) Milic, Jasmina ASSOC Senator (2018-2019) Miller, Gart C3 Ad Hoc (2018-2021) Miller, James FEW&RC (2007-2010) Miller, Jessica RC (2013-2016), HMSC Senator (2018-2020) Miller, Kari LC (2012-2015), SRAC (2012-2015) Miller, Thomas H. ENGR Senator (2012-10/2013), CC (2016-2018) Millet, Polly ASSOC Proxy Senator (3/8/2021-6/15/2021) Mills, Brian ENGR Senator (2024-2026) Mills, Jock ASSOC Senator (2004-2006; 2018-10/11/2018) Mills, Sean Paul CoC (2016-12/15/2018) Milovancev, Milan VM Senator (2018-2020) Minc, Leah GAC (2009-2012) Minear, Paula ASSOC Senator (2006-2008), CC (2002-2004), DEC (2001-2002) Mingo, Kendra CoC (2000-2001) Mirpourian, Zahra ASC Student Member (2002-2003) Mishra, Chandra GC (99-2002) Misley, Ben SRAC Student Member (2006-2008) Mix, Alan OCEAN Senator (2012-04/2014; 2015-2017) Mix, Mike SCI Senator (95-2000), P&T (99-2000) Mize, Ronald LA Senator (2019-2021) Mockler, Todd RC (2009-2011) Moffett, Cinamon HMSC Senator (2021-2023), C3 Ad Hoc (2018-2021), C3 (2021-2025) Mok, Machteld RC (2000-2003) Momsen, Ellen ENGR Senator (2006-2008; 2011-2016) Montagne, Paul CRC (99-2002), FPHC-alt (2000-2004), MTF Montan, Anelise AcadReqs (2016-2019, chair 2018-2019) Monteith, Marin DivCncl Student Member (2020-2021) Montemayor, Oscar ASC (99-2000; 2008-2011), UAC (2003-2007), LC (2012-2015) Montgomery, Todd Cascades Senator (11/9/2021-12/31/2021) Moon, Barbara ASSOC Senator (97-1999), AcadReqs (2000-2001), FPHC (2000-2002) Moon, Un-Ku ENGR Senator (02/2014-12/2014; 2016-2017), GAC (2016-2019, co-chair 2017-2018, chair 2018-2019) Moore, Amber AgSci Senator (2020-2020) Moore, Jared BUS Senator (2010-2012), FRAC (2018-2021) Moore, Kathleen RC (2000-2001) Morandi, Janet FPHC-alt (2002-2006) Morgun, Andriy RC (04/25/2017-2022) Morley, Susan PHARM Senator (2023-2025) Morrell, Jeff RC (2003-2006) Morris, John SCI Senator (1997-1999), COB Senator (2024-2026) Morris, Steven BCC Student Member (11/7/19-06/15/20) Morrow, Alice Mills P&T (99-2000) Moses, Kate PFI (12/07/2022-2025) Moses, Nathan CASCADES Senator (9/28/2022-12/31/2022) Mosley, Craig VM Senator (2006-2007) Mosley, Jan ENGR Senator (2001-2002; 2001-2005), B&N (99-2003) Mott, Deb SA Senator (06/03/2022-12/31/2022; 2024-2026), FWC (2022-2023; chair 12/15/2022-2023) Moule, Jean FRAC (2004-2006) Moulton, Hong RC (03/08/2018-2021) Moulton, Jonathan BUS Senator (2002-2004) Moyer, Dawn DIV (2013-2015), AgSci Senator (2018-2019; 2020-2022), ASC (2019-2022) Muhonda, Park FWC (2024-2026) Muir, Pat BCC (2004-2007), BCRC (2008-2010) Mukatis, Al FEW&RC (99-2000) Mundt, Christopher AgSci Senator (2001-2003; 04/2012-2013; 2018-2020) Murnieks, Charles BUS Senator (2017-2019) Murphy, Karel ENGR Senator (99-2001), FGC (2002-2004), FTF Murphy, Lea SCI Senator (2003-2005) Murthy, Ganti AgSci Senator (2018-2019) Mutschler, Ben LA Senator (Apr 2006-2007) Muzacz, Arien OEC (2020-2023; chair 2022-2023, 2023-2024) Myers, Allison HLTH Senator (07/26/2023-01/11/2024; 2024-2026) Myers, Darcy UHCC Student Member (99-2001) Myers, John DEC (2008-2010) Myles, Daniel CRC (2011-5/2012) Myrold, David LC (2009-2012), RC (99-2001), GAC (2016-2019) Nafshun, Rick CC (2007-2017), FSC (2003-2006) Nakic, Natalie SA Senator (2018-2019) Narayanan, Vinod RC (2007-2008), FPHC-alt (2004-2008), GC (2008-2012) Natarajan, Arun RC (2018-2019) Nauman, Diane PHARM Senator (2006-2007) Needham, Mark FRAC (2008-2011), GAC (2010-2013), GC (2019-2020, 2020-2023) Nelson, Andrea FPHC-alt (2002-2006), AcadReqs (2013-2016), Bylaws (2017-2020) Nelson, Jodi FPHC-alt (2002-2006) Nelson, Michael P. CC (2022-11/16/2023) Nelson, Mykl AgSci Senator (2023-2024) Nelson, Peter ENGR Senator (98-2000; 1998-2003), AcadRegs (1999-2002) Nelson, Susie ASC (2002-2003) Nelson-Green, Amy SRAC (2003-2006) Nembhard, David ENGR Senator (2019-2021) Netto, Ebi AcadReqs (2005-2008) Neubaum, Don BUS Senator (2008-Sep-09) Neubaum, Sandy UHCC (2021-2024) Neuman, Amy ASC (2022-2025) Neumann, Cathy HHS Senator (97-1999) Newburgh, Gene AcadAdv (2007-2009), CC (2009-2010), SRAC (2001-2002) Newell, Matt CRC Student (2001-2002) Newhart, Daniel SA Senator (2015-2017) Neyhart, Charles IPPDE Ng, Kok-Mun GC (2015-2016) Nguyen, Bach Mai 'Dolly' RC (2021-2024) Nguyen, Kim DIV (2013-7/2013) Nguyen, Peter AcadAdv Student Member (2008-2010) Nguyen, Uyen AcadReqs (2001-2002) Nichols, Christopher LC (2013-2016) Nichols, Jane CoC (2012-2015), FEW&RC (2016-2018; chair, 2017-2018) Nielsen, Roger DEC (2010-2012), P&T (2005-2008), RC (2001-2005), ETF, PTRAC, IFS Senator (2016-9/1/2018), EC (2018-9/1/2018) Niemeyer, Kyle RC (2018-5/15/20), BCC (2021-2024) Niess, Maggie SCI Senator (2000-2002), AdminAppt (2002-2005), BCC (2002-2004), B&N (99-2000), EC Immediate Past Pres. (1999), EC (2003-2004), FEW&RC (2005-2008), FRAC (2008-2009), GAC (99-2004), BAAC, GC (2000-2002) Nisbett, Donald ROTC Senator (2015-06/30/2017) Nishihara, Janet IFS Senator (1997-1998), SA Senator (99-2001; 2021-2023), ASSOC Senator (2008-2010; 2008-2013; 2015-2017), AcadRegs (2001-2003), B&N (2014-2017), DIV (2005-2008), EC (1998, 2002-2003; 2012), FEW&RC (2007-2008), FGC (2007-2010), SRAC (2004-2010), DPD, B&N (2016-2017), LC (2020-2023) Noakes, David LC (2009-2010) Noda, Josh SRAC Student Member (99-2000) Nolin, Anne OCEAN Senator (2012), RC (2013; co-chair, 2013-2014; chair, 2014-2015) Noller, Jay AgSci Senator (2014-2016; 2018-2020), BCC (2005-2008), FPHC (2002-2006), IFS Senator (2015-11/15/19), EC (2016-2019-11/15/19) Norcross, Marc SRAC (2016-2017), GC (2018-2021), PHHS Senator (2021-2023) Norris, Lucy FPHC-alt (2006-2010) Nunn, John ASC Student Member (2000-2001) Nye, Mary Jo RC (2001-2004) Nyman, May BFP (2023-02/14/2024) O'brien, Kate BUS Senator (2023-10/12/2023) Obermiller, Fred AgSci Senator (2000-2002; 2000-2005), AdminAppt (99-2004), P&T (2002-2003) Obermire, Kara ASSOC Senator (2022-2024) Ochoa, Carlos RC (2016-2019) Odden, Michelle CRC (2016-2018), RC (03/19/2018-06/30/2018) Odell, Kali ASC (2019-8/6/2021); UAC (12/2/2019-8/6/2021; co-chair 2020-2021) Oldfield, Melody ASSOC Senator (2006-2008) O’Malley, Mike ED Senator (2008-2010), FPHC-alt (2008-2012), DIV (2009-2012) O'Malley, Nell Winokur FEW&RC (2007-2010), EC (2014; 2015), ED Senator (05/2012-2012; 08/2013-12/2013) Olaya, Maria LA Senator (2002-2004), AdminAppt (2003-2004) Olcott, Courtney EXT Senator (2023-2025) Olsen, Karli BCC Student Member (2011-2012) Olson, Gerry CC (99-2001) Olson, Mike BCC Student Member (2006-2007), CoC Student Member (2005-2006), SRAC Student Member (2001-2002) Olson, Rebecca BCC (2011-2012) LA Senator (ended 06/15/2016) Olstad, Andrew BUS Senator (2021-2023), AdminAppt (2021-2023) Olstad, Stacey PHARM Senator (2020-2022) Olvera, Dominic CoC Student Member (2004-2005) Onstott, Curtis CRC (2005-2006; 2007-2010) O'Quin, Megan ASC (2010-2013, 2014-07/31/14; Co-Chair, 2013-08/31/2014) Oriard, Michael LA Senator (2000-2002; 2005-2007), AdminAppt (2000-2001), BFP (2004-2005), FGC (2001-2003), SGTF, PTRTF Orner, Gayle FTF Orosco, Joseph A. LA Senator (2007-2009; 2007-2012; 2014-2019; 2021-2023), DIV (2019-2022, chair 1/24/2020-2020-2021) Orozco, Rick ED Senator (2011-03/31/2012) Ortega, Alicia SA Senator (11/14/2007-2009), DIV (2007-2010) Ortiz, Steve FRAC (2006-2009), RC (2003-2004), FEW&RC (2016-2017), SRAC (2017-06/12/2019) Osbourne, Judy FGC (99-2001) Osei-Kofi, Nana LA Senator (2016-2018; 2022-06/15/2023) Ossiander, Mina CC (2013-2017, 2017-12/28/2018, 04/08/2019-2022), LC (2000-2001), SCI Senator (2017-12/28/2018; 12/9/20-12/31/20) Ostrander, Ed CRC (2017-2020) Ostroverkhova, Oksana SCI Senator (2014-2015) O'Reilly, Kathy GC (2007-2010) O'Sullivan, Art IPPDE Ott, Leanna ASSOC Senator (2009-2011) Overholser, DeeDee AcadReqs Student Member (2009-2010) Oye, Bill SA Senator (2000-2002), FM (99-2002) Ozkan-Haller, Tuba OCEAN Senator (2016-2018) Ozoede, Sylvia Ifeoma BCC Student Member (01/23/2023-06/30/2023) Paasch, Bob ENGR Senator (2011-09/2016; 2018-2020), CC (2004-2006, 2013-2016), UHCC (2007-2010), BCC (2017-2020; co-chair 2017-2019) Padilla, Greg CRC (2004-2005), SRAC (2003-2005) Page, Jessica UHCC Student Member (2004-2006) Page, Joseph BFP Student Member (10/10/20222-06/30/2023, 10/06/2023-06/30/2024) Paja, Scott ENGR Senator (2021-2023) Palama, Brett AOT (2003-2004) Palatin, Danielle LC Student (11-30-2016-2017) Palin, Trever CoC Student Member (2006-2007), SRAC Student Member (2006-2007) Palmer, Brian UAC (2020-2023; co-chair 2021-2022, 2022-2023) Palmer, Camille ENGR Senator (10/11/2022-12/31/2022; 2023-2025) Palmer, Chris SRAC (2019-2022) Palmer, Todd ASC (2000-2001; 2007-2009), CRC (2003-2005), ENGR Senator (2021-2023), BCReform (2021-2022), EC (04/27/2022-12/31/2022) Pannikkat, Colin UAC Student Member (01/23/2023-06/30/2023) Panwar, Rajat Div Cncl (2022-2023), FOR Senator (2024-2026) Paoletti, Dave OEC (03/09/2022-2024) Pappas, Robin FRAC (2016-2017), LC (2016-2017), ASSOC Senator (2018-2020; 2022-10/31/2022), AoT (2017-2023, chair 2019-2021) Pardew, Kevin UHCC Student Member (99-2000) Parke, Jennifer AgSci Senator (2007-2009) Parker, Donald FPHC (2000-2004) Parker, Jill VM Senator (2014-2016) Parker, Katie UHCC Student Member (2007-2008) Parker, Lisa FPHC-alt (2002-2006) Parker, Madison SRAC Student Member (2009-2010) Parks, Bonnie DIV (2005-2006) Parks, Hal SCI Senator (2004-2006; 2007-2009; 2007-04/2011), BCC (2010-2011), EC (2009) Parks, Leo IFS Senator (1979-1980) Parrott, Keith AcadAdv (2000-2002) Pastey, Manoj VM Senator (2018-2019), CC (2020-2021; 2021-2024) Pastorelle, Francis SA Senator (2024-2026) Paterson, Ted BUS Senator (02/13/2020-2022) Patterson, Connie SRAC (2001-2002) Patterson, Madge CC (99-2004) Pautsch, David UAC (2001-2003; 2004-2005) Pearson, George SCI Senator (2001-2003) Pease, Jim IFS Senator (1991-1993), EC (1993) Pease, Robynn SA Senator (12/01/2022-12/31/2022) Pederson, Curt IPPDE Pederson, Elaine AOT (2000-2002), GAC (2010-2012), GC (2002-2005) Peebler, Stephany BCC Student Member (2001-2002) Pegau, Scott OCEAN Senator (2001-2003) Pehrsson, Dale ED Senator (4/2003-2003; 2004-2006), GC (2003-2005) Peltomaki, Kirsi BCC (2010-2012) Pence, Deborah ENGR Senator (2005-2007; 2005-2010), BCC (Ad Hoc Member: 2006-2007), BFP (2011-2014), EC (2008-2009), FPHC (2008-2012), FGC (2006-2011), SET, P&T (2016-2019) Penner, Mike AgSci Senator (2004-2006) Pennington, Jamie Admin Appt (2023-2024) Penry, Jason LC (2024-2027) Pereira, Cheryl AcadReqs (2002-2005), AgSci Senator (2013-2015) Pereira, Cliff AgSci Senator (2007-2009) Perez, Marleigh ASC (2011-2012; 2014-2015; Co-Chair, 2013-2014), ASSOC Senator (2021-2023), EC (2022-2023), AcadReg (2024-2026) Perrone, Lissa ASSOC Senator (2004-2005; 2009-2011) Perry, Greg AgSci Senator (2003-2004; 2009-2011), CC (2009-2010) Peszynska, Malgo CRC (2016-2019, chair 2017-2018), SCI Senator (07/01/2018-12/31/2018), P&T (03/09/2022-2024) Peters, Jean IFS Senator (1985-1987), EC (1987) Peters, Kurt LA Senator (97-1999), AdminAppt (2008-2011; Alternate: 2007-2008), AOT (2007-2010), BCC (99-2002), DIV (2006-2011) Petersen, Kirsten FEW&RC (2010-2013), SRAC (2019-2020) Peterson, Kate BFP (2005-2008), CRC (2009-2012) Peterson, Maxie UHCC Student Member (2000-2002) Peterson, Scott FTF, AOT (2012-2015) Petitti, Nathan ASC (2022-2025) Petroj, Vanessa DIV (2019-2022) Petsche, Clayton SCI Senator (2020-2022) Pflugfelder, Ehren CRC (2016-2017), ASC (2018-2021) Pham, David BFP Student Member (02/07/2019-06/15/2019) Phillips, Mary ASSOC Senator (2016-06/2016) Philmus, Benjamin PHARM Senator (2022-2024) Phipps, Molly AOT Student Member (2004-2006) Pierson-Charlton, Candy ASSOC Senator (2009-2011), SRAC (2010-2013), GAC (2012-2015) Piper, Aubrie AcadReq (2020-11/30/2021) Piper, Sandy SRAC (2002-2003) Pisias, Niklas OCEAN Senator(2002) Plant, Tom ENGR Senator (96-2001; 2008-2010) Plantinga, Andrew FPHC-alt (2010-2014), GC (2011-2012) Plaza, Dwaine LA Senator (Aug 1999-2001; 2007-2012; 2014-2017; 2023-2025), IFS Senator (2015-2017, 9/1/2018-12/31/2018), EC (2017, 9/1/2018-12/31/2018), DIV (2011-06/15/2019; chair, 2016-2017, 2012-2014, co-chair 2017-2018), P&T (2007-2010), DPD (2000), FS PresElect (01/01/2019-12/31/2019), FS President (01/01/2020-12/31/2020), FS Immediate Past President (01/01/2021-12/31/2021), BC Reform (2021-01/11/2022) Plouse, Brice SRAC Student Member (2007-2008) Pokorny, Kym CAS Senator (12/8/20-12/31/20) Polinder, Fred GAC (2016-2018) Pollard, Christine EC (2019), CC (01/01/2022-2023) Pollitz, John FRAC (2006-2007) Polvi, Alex CRC Student Member (2003-2006) Poole, Susan FSC (2002-2005) Porrovecchio, Mark DIV (2008-2011), FRAC (2013-2015) Porter, Catherine HHS Senator (2008-2010), BFP (2010-2011), B&N (2008-2009; 2010-2011) Porter, David ENGR Senator (2008-2010; 2018-2020) Potter, Melissa ED Senator (10/11/2023-12/31/2023) Powell, Brian BCC Student Members (2011-2012) Powell, Linda ASSOC Senator (2015-2017) Powell, Maurine (Reni) BFP (2021-03/29/2022) Powelson, Mary AgSci Senator (98-2000), P&T (2000-2002) Prahl, Fred OCEAN Senator (2003-2005; 2011-2013) Pratt, Clara HHS Senator (2003) Preece, Justin AdminAppt (2013-2015,2016-2017) Pribyl, Larry ASSOC Senator (2007-2009), CC (2003-2005) Price, Bo SRAC (2019-2020), FRAC (2021-06/30/2022) Price, Lisa GC (2016-2018) Primak, Paul CoC (2008-2010), DEC (2005-2008) Proebsting, Bill GC (2005-2006) Proteau, Philip PHARM Senator (99-2000; 2009-2011) Prucha, Mary ASSOC Senator (99-2001), AdminAppt (99-2002), EC (2001-2002) Pscheidt, Jay AgSci Senator (2015-2017) Puettmann, Klaus FOR Senator (2005-10/2007; 2014-2015, 12/8/20-12/31/20) Pugatch, Todd AdminAppt (10/2/2014-2018; 2019-2022) Purdy, Greg SRAC Student Member (2006-2007) Putney, Jacob C3 Ad Hoc (2018-2021), C3 (2021-2023) Pyatt, Rene GAC (2020-2022) Pyles, Marv FOR Senator (2008-2009), BCC (2009-2012), CC (2005-2008) Qian, Michael ASC (2011-2012) Qiau Lin Chok, Kristie SRAC Student Member (03/25/2019-06/15/2019) Qiu, Weihong BCC (2016-2019), CC (2020-2022), AdminAppt (2020-2022), GAC (2022-2025) Qu, Annie FPHC (2000-2004) Quick, Devon AcadRegs (2014-2017), AOT (2016-2019; chair 2017-2019; 2020-2023; chair 2021-2023), SCI Senator (2015-2017; 2020-2022; 10/12/2023-12/31/2023), EC (2017-2018, 2019), IFS Senator (2019) Quinn, Michael ENGR Senator (2003-2005), BFP (2003-2006), CC (99-2002; 2004-2006), EC (2004-2007), MTF Raab, Keith AcadReqs (2022-2025) Rackham, Daniel PHARM Senator (2013) Radosevich, Steve GC (99-2002) Rains, Derek SRAC Student Member (2000-2001) Rains, Patrick SRAC Student Member (2000-2001) Raja, V.T. BUS Senator (2000-2002; 2006-2008) Rajagopal, Indira SCI Senator (2006-2008; 2009-2011; 2013-2015), BCRC (2008-2010), UHCC (2014-2017) Rajamannar, Gokulakrishnan FRAC Student Member (2001-2002) Ralph, Taylor SRAC (2023-2026) Rampola, Corina B&N (2011-10/2013), BFP (2018-2021) Randhawa, Sabah BFP (2000-2001) Ranjbar, Lily GAC (2021-2024) Rankin, Beth CC (11/2/2021-2024), HCC (2024-2027) Rao, Sujaya AgSci Senator (3/1/2007-2008; 2014-08/15/2017), FSC (2001-2004) Ratchford, Paulette ASSOC Senator (2003-2005) Rathja, Roy AcadAdv (1999-2000), UAC (2001-2002; 2003-2006) Ravichandran, Sathya SRAC Student Member (2000-2001) Ray, Bonny DIV (2019-10/25/2020) Read, Marilyn CC (2011-2012; 2012-2014) Reason, Dana LA Senator (2023-2025) Reddy, Satish BCC (99-2000) Redfield, Stephen OEC (2016-2022; chair 2020-2021), FRAC (2023-2026), ENGR (2024-2026) Redman, Victoria SRAC Student Member (2011-2012) Reeb, Jim CoC (99-2000) Reed, Marge CC (99-2000), FSC (2005-2006) Reed, Mark FOR Senator (98-2000), DEC (2007-2008) Rees, Laura C3 (2022-2023; 09/08/2023-2025) Reese, Terry FGC (2013) Reesman, Dodi AcadRegs (2008-2011), AcadReqs (2003-2005; 2011-2012), ASC (2007-2008) Reff, Robert CRC (2012-2014), SA Senator (2014-2016) Reichstein, Zinovy FPHC-alt (2000-2002) Reimer, Jeff CC (2016-2019) Reinking, Krista FPHC-alt (2006-2010) Reitsma, Rene BUS Senator (2003-2004), GC (2007-2008), BCC (2/7/2020-2022; co-chair 2022-2023, 2023-2024) Remcheck, Esther BFP Student Member (2001-2002) Remcho, Vince SCI Senator (10/2003-2005; 2009-2011, 2017-2018), RC (2008-2011), GC (99-2002) Rempel, Hannah FPHC-alt (2006-2010), FRAC (2010-2013), GAC (2007-2010), UAC (2006-2009), AdminAppt (2020-2023), BCReform (2021-2022), CC (2021-2022) Rennekamp, Roger CoC (2009-2012) Retano, Andrea AcadReq Student Member (10/10/20222-06/30/2023) Rettig, Bruce GC (99-2007; 2011-2012) Reuter, Ron AOT Senator (2013-2016), FOR Senator (2005-2007), IFS Senator (2009-2010), EC (2010), RC (2016-03/01/2020), CASCADES Senator (2019-06/30/2021), P&T (2020-2023, chair 2021-2022, 2022-2023) Reyes, Jose ENGR Senator (1998-2003; 1998-2004) Rhodes, Mary CC (2004-2007) Rice, Laura AOT (2000-2001), RC (2002-2003) Rich, Jonathan ENGR Senator (2023-2025) Richards, Leslie HHS Senator (4/1/2003-2003) Richardson, Tjodie AcadReqs (2008-2011) Richman, Jim GAC (2005-2008) Ridlington, Sandra FPHC (2000-2004) Rielly, Loretta IS Senator (2001-2003), AdminAppt (2001-2004), FGC (2005-2008), FSC (99-2000), P&T (2002-2005) Riera-Lizarazu, Oscar FSC (99-2002), FSC (2005-2008) Rieth, Melissa PFIC (2022-01/31/2023) Rietveld, Beth DIV (2005-2006) Riggs, Richard PFIC (2022-2024; chair 2022-2023), EXT Senator (2024-2026) Riggs, Shannon SRAC (2016-02/07/2018), ASSOC Senator (2017-2019, 08/23/2022-12/31/2022, 2024-2026), EC (2020-2021) Riggs, Willie EXT Senator (2015-2017) Righetti, Timothy AgSci Senator (98-99) Riha, Jeffrey AcadReqs (2005-2006) Riley, Amy SRAC (2014-2016), ASC (2016-2018), SRAC (chair, 2016-2017) Riley, Carla Marie SRAC Student Member (2001-2002) Riney, Heather ASSOC Senator (2018-2020) Riportella, Roberta HHS Senator (2022-2024), AdminAppt (2023-2026) Ripple, Bill FOR Senator (9/30/2022-12/31/2022) Risien, Julie FRAC (2016-02/05/2018) Ritzheimer, Kara BCReform (2021-2022) Rivera-Mills, Susana LA Senator (09/2014-2014) Rivers, James FOR Senator (2023-2024) Riverstone, Lyn SCI Senator (2017-04/12/2019), Grievance (2018-03/07/2018), AcadReq (2018-2021; chair 2019-02/06/2020) Rivin, Carol FPHC (2008-2012) Roberson, Dan OEC (2024-2027) Roberts, Lani LA Senator (2004-2006; 2004-2008), ASC (2005-2007), EC (2006-2007), FPHC (2006-2010), FSC (2007-2010), GAC (2004-2005), UAC (2001-2002; 2003-2004), UHCC (99-2002; 2008-2011), MTF Roberts, Paul LC (2006-2009) Roberts, Sheila AcadReqs (2001-2005; 2007-2010), FSC (2006-2009) Robinson, David CoC (2000-2003) Robinson, Seri Curric (2018-2021, 10/29/2021-2024) Robson, Robby SCI Senator (99-Sep-00), ISC Rockey, Dan RC (2001-2004), GC (2004-2006) Rochefort, Skip SRAC (2006-2009), UHCC (2001-2004) Rochefort, Willie FPHC-alt (2000-2002) Rockhold, Karla SRAC (2016-2018) Rockwell, Daniel SCI Senator (2021-02/09/2021) Rodarte, Carlos Library Student Member (10/10/20222-06/30/2023) Rodgers, Susan LA Senator (2020-2022) Rodriguez, Rosita PHARM Senator (97-1999) Roegner, Megan SRAC (2022-2025; co-chair 2023-2024, 2024-2025) Rogers, Jack ASSOC Senator (2009-2010) Rogers, Shayna BCRC (2008-2010) Romero, Madeleine BUS Senator (Sep-09-2010) Rondon, Silvia I. DivCncl (01/01/2023-2024); AgSci Senator (2024-2025), RC (2024-2027) Rook, Erin DivCncl (2020-06/15/2021) Rooker, Terry CC (2018-2021) Rooney, Natalie AcadStdg (11/09/2022-2025) Root, Rusty SCI Senator (2024-2026), C3 (2024-2027) Roper, Larry BCRC (2008-2010); LA Senator (2017-2019) Rojo, Javier P&T (2020-8/30/2021) Rorrer, Greg AdminAppt (2000-2003), RC (2006-2008) Rosacker, Jimmy LC Student Member (2009-2010) Rose, Jeremy ASC (2021-2024) Rose, Melanie ASSOC Senator (2020-2022) Rose, Pamela EXT Senator (2012-12/2013) Rose, Robin RC (2008-2009) Rosenberg, Kathy CRC (2006-2007) Rosenberger, Kris FPHC (2006-2010), FRAC (2007-2008) Rosenberger, Nancy LA Senator (98-2000), AOT (2008-2011), B&N (2003-2004), EC Pres-Elect (2001), EC President (2002), EC Immediate Past Pres. (2003), IGFC (2000) Rosenberger, Randy FOR Senator (2010-2012), BCC (2021-2024) Rosenberg, Valerie ASSOC Senator (2004-2006), AdminAppt (2007-2010), GAC (2004-2006), UAC (2001-2004) Rosenkoetter, Sharon FPHC-alt (2008-2012) Rosetta, Robin FRAC (99-2002) Ross, Andrew AgSci Senator (2012-2014) Ross, Cynthia LC (2000-2001) Ross, Darrell CoC (2002-2005), FPHC-alt (2010-2014), GC (2011-2012) Ross, Kyle BUS Senator (2023-06/21/2023) Ross, Terryl ASSOC Senator (2005-2007; 2005-2010), AcadRegs (2005-2007), B&N (2005-2007), EC (2006-2007) Rossi Jr., Marion LA Senator (2012-2014), BCC (2009-2015; co-chair, 2012-2013), SRAC (2013-2016), UHCC (2014-2016) Rossignol, Annette HHS Senator (98-2000) Rossignol, Phil AgSci Senator (2007-2007), AcadReqs (2001-2004), FGC (99-2001), FPHC (2004-2012), RC (2006-2008) Rost, Bob LC (2001-2004) Roundy, David BCC (2018-2021) Rowe, Hannah SCI Senator (2023-2025), SRAC (2023-2026) Royball, Hannah FGC (2023-2025; chair 2024-2025) Rubel, Deborah AOT (10/2013-2016), LC (2004-2007), RC (10/01/2018-2020) Ruben, John SCI Senator (2005), UAC (2009-2015; Co-Chair, 2013-2014) Rubert, Steve ASC (2000-2002; 2006-2008), LC (99-2000) Ruggiero, Peter OCEAN Senator (2019-2020) Ruikis, Isabella CRC Student Member (11/7/19-06/15/20) Rush, Norm C3 (2023-2026) Russ-Eft, Darlene B&N (2004-2007), RC (2011-2014), GC (2006-2009), P&T (2017-2020) Rutledge, Jim FSC (99-2000) Ryan, Robin SRAC (2007-2008) Sackett, Kathryn RC (2007-2008) Sadri, Pejmon AOT Student Member (2004-2008) Saechao, Christina BFP (2024-2025) Safonte, Danielle OEC (2023-2026; chair 2024-2025) Sagayaga, Matthew SRAC Student Member (2000-2001) Sagili, Ramesh SRAC (2013-2016) Sagmiller, Kay AOT (chair, 2016-2017), ASSOC Senator (2016-2018), AdminAppt (2017-2018) Sahr, Robert FPHC-alt (2008-2012) Sakamoto, Lindy UAC 