@_ Welt, Mundo, Monde, Mondo, World, (lat.) orbis (terrae), (esper.) mondo

Biologie, Biología, Biologie, Biologia, Biology, (esper.) biologio, biontologio

A

B

C

curioustaxonomy.net

Curiosities of Biological Nomenclature

Mark Isaak

Jährlich werden tausende Tierarten und Pflanzenarten, Pilze und Bakterien neu benannt und man geht davon aus, dass noch Millionen auf ihre Entdeckung und ihre taxonomische Einordnung warten. Da es sich bei Zoologie, Botanik, Mykologie und Bakteriologie um Wissenschaften handelt, geht man davon aus, dass die Wissenschaftler ihren Entdeckungen immer seriöse Namen geben, die vorwiegend aus dem Griechischen oder Lateinischen stammen. Dies ist auch überwiegend der Fall. Aber bei den vielen tausend Benennungen bleibt immer noch genug Spielraum, so dass sich einzelne junggebliebende Wissenschafter bei der Vergabe von kuriosen Namen austoben können. Da findet man Namen von

Personen,

Göttern,

aus der Literatur,

Namen von Orten und Dingen,

Anzügliches,

Akronyme,

Interjektionen,

Lautmalerische Bezeichnungen,

Wortspiele,

Eigennamen,

Anagramme,

Isogramme,

Palindrome,

Reime,

Tautonyme,

Oxymorons.

Und zu den gewählten Namen gibt es manchmal auch äußerst interessante Erklärungen zum Grund der Namenswahl. Manchmal nimmt ein Artname Bezug auf eine Eigenschaft des Bezeichneten Tieres oder der Pflanze. Es gibt aber auch Fälle, da geht es dem Namensgeber einzig und allein darum, aufzufallen, oder die Aufmerksamkeit auf ein bestimmtes Anliegen, wie etwa das Artensterben, zu lenken.

(E?)(L?) http://www.curioustaxonomy.net/

Scientific names of organisms are not usually known for their entertainment value. They are indispensable for clarity in communication, but most people skip over them with barely a glance. Here I collect those names that are worth a second look.

Some names are interesting for what they are named after (for example, "Arthurdactylus conandoylensis", "Godzillius"), some are puns ("La cucaracha", "Phthiria relativitae"), and some show other kinds of wordplay (such as the palindromic "Orizabus subaziro"). Some have achieved notability through accident of history, and many show the sense of humor of taxonomists.

"Rules" gives a brief overview of the rules governing biological naming (and, along the way, includes several curious examples).

"Etymology" lists names that are notable for what they are named after.

"Puns" lists names which are unusual for how they sound.

"Wordplay" includes all unusual features of names other than their meaning and pronunciation.

"Gene Names" lists a few of the interesting names which have been given to genes.

"Misc." includes things which do not fit elsewhere, including other curious biological terms, interesting stories about names, and some creative writing.

"References" includes also links, acknowledgements, and a list of the newest entries.

"Feedback" gives directions and requests to those who want to contact me.

The names which are recent additions to this collection will be shown in a brighter shade of red. (How recent depends on how often I update. I'll try to keep the newest names distinctive for about a month.) The most recent additions are also listed separately, with links to the page each appears on.

Rules

Etymology

Interesting Translations

Named after People

Names from Mythology

Names from Fictional Characters

Named after Places

Named after Things

Ribaldry

Acronyms

Interjections

Other

Misnamed

Repetition

Puns

Puns

Double Meanings

Funny-sounding

Onomatopoeia

Plays on Familiar Words

Valid Words in Other Contexts

Proper Names

Scientific and Common Names the Same

Wordplay

Alphabetical Order

Unusual Letter Combinations

Long and Short Names

Vowels

Consonants

Isograms (no letter repeated)

Anagrams

Palindromes and Reversals

Rhymes and Alliterations

Charades

Tautonyms

Full Tautonym List

Oxymorons

Other Wordplay

Gene Names

Drosophila Genes

Danio (zebrafish) Genes

Other Genes

Misc.

Biology Terms and Other Names

Things Named after Scientific Names

Things Named after Biologists

Interesting Stories

Unused Names

Survey of Source Languages

Poetry

References

References

Further Information

Acknowledgements

Newest Entries

Feedback

Erstellt: 2015-08

D

E

eol.org

Enzyklopädie des Lebens

Encyclopédie de la vie

Encyclopedia of Life

(E?)(L?) http://www.eol.org/

Learn more about

Animals

Mammals

Birds

Amphibians

Reptiles

Fishes

Invertebrates

Crustaceans

Mollusks

Insects

Spiders

Worms

Plants

Flowering Plants

Trees

Fungi

Mushrooms

Molds

Bacteria

Algae

Protists

Archaea

Viruses

(E?)(L?) http://www.eol.org/about

Our knowledge of the many life-forms on Earth - of animals, plants, fungi, protists and bacteria - is scattered around the world in books, journals, databases, websites, specimen collections, and in the minds of people everywhere. Imagine what it would mean if this information could be gathered together and made available to everyone - anywhere - at a moments notice.

This dream is becoming a reality through the Encyclopedia of Life.

Our Vision: Global access to knowledge about life on Earth.

Our Mission: To increase awareness and understanding of living nature through an Encyclopedia of Life that gathers, generates, and shares knowledge in an open, freely accessible and trusted digital resource.

...

(E?)(L?) http://eol.org/info/discover_articles

Biodiversity Articles Looking for a place to get started with EOL?

Start with these introductory articles to learn more about life on Earth.

Read articles online, or download a printable PDF.

Algae

Amphibians

Animals

Archaea

Bacteria

Biological Classification

Birds

Contributing to Research

Crustaceans

Evolution

Discovering Species

Fishes

Flowering Plants

Fungi

Insects

Indicator Species

Invasive Species

Invertebrates

Mammals

Model Organisms

Molds

Mollusks

Mushrooms

Naming Species

Plants

Protists

Reptiles

Spiders

Trees

Viruses

What is a Species?

What is Biodiversity?

Worms

Erstellt: 2016-12

F

G

GBIF (W3)

"GBIF" steht für "Global Biodiversity Information Facility".

(E?)(L1) http://www.gbif.org/

GBIF Data: Browse | Search | How to search | Providers | Data policy

About GBIF: Press | What is GBIF? | Demonstration Projects | GBIF's Current Members | How to Join GBIF | GBIF Directory | Documents & History | Ebbe Nielsen Prize | Symposia & Workshops | Work Programme

Tools and services: Newsletters | Mailing lists | Wiki | UDDI registry | Standards | Links | CIRCA | Calls for tender and jobs | GBIF tools download

Support: GB documents [login] | GB14 | Helpdesk | Become a data provider | Training | Travel guidelines | FAQ

Programmes: DADI | DIGIT | ECAT | OCB

(E?)(L1) http://www.gbif.org/GBIF_org/bg1#whyneed

Why is GBIF needed?

Good managers of natural resources and policy-makers know that their best decisions are based on results from the most accurate scientific analyses. Such analyses are based on solid, documentable data that have been recorded directly from the observation of nature. Such records are called "primary" data.

"Biodiversity" is a handy, one-word name for all the species on the Earth, the genetic variety they possess, and the ecological systems in which they participate. Another way of thinking about biodiversity is as the "living resources" portion of "natural resources". A large part of the primary data on biodiversity are the 1.5 - 2.0 billion specimens held in natural history collections, as well as many geographical and ecological observations recorded by various means and stored in various media.

In making living resource policy and management choices, decision-makers are often forced to rely on analyses that are not based on primary data. This is because the world's store of primary data about biodiversity is not at present readily and easily accessible.

Future generations depend on the efforts made today to develop methods for sustainably using biodiversity. One very important part of the solution is rapidly, openly and freely delivering primary data about biodiversity to everyone in the global community, using digital technologies. Another part is ensuring that the primary data being collected today are stored in such a way that they will remain accessible to future generations.

(E?)(L1) https://www.eea.europa.eu/help/glossary/eea-glossary/global-biodiversity-information-facility

GBIF

H

I

J

K

L

LUCA (W3)

"LUCA" ist so etwas wie "Adam und Eva". Es ist die Abkürzung für "Last Universal Common Ancester". Man vermutet die Entstehung dieser Urzelle, aus der alle Lebensformen abstammen vor etwa 3 Mird. Jahren.

M

N

O

P

Q

R

S

T

TOL (W3)

Tree of Life Web Project

Tree of Life Glossary

"TOL" steht für "Tree Of Life".

(E?)(L1) http://www.tolweb.org/

(E?)(L?) http://www.tolweb.org/tree/

The "Tree of Life" Web Project ("ToL") is a collaborative effort of biologists and nature enthusiasts from around the world. On more than 10,000 World Wide Web pages, the project provides information about biodiversity, the characteristics of different groups of organisms, and their evolutionary history (phylogeny).

Each page contains information about a particular group, e.g., salamanders, segmented worms, phlox flowers, tyrannosaurs, euglenids, Heliconius butterflies, club fungi, or the vampire squid. ToL pages are linked one to another hierarchically, in the form of the evolutionary tree of life. Starting with the root of all Life on Earth and moving out along diverging branches to individual species, the structure of the ToL project thus illustrates the genetic connections between all living things.

(E?)(L1) http://www.tolweb.org/tree/home.pages/sitemap.html

Tree of Life Content: Information About Organisms

The Tree of Life currently consists of more than 3000 pages with information about different groups of organisms. This part of the website is too extensive to present a full map here.

(E?)(L?) http://www.tolweb.org/tree/home.pages/glossary.html

Tree of Life Glossary

The ToL Glossary is still under construction. We expect to greatly expand it over the next few months. The current page contains a listing of all the available ToL Glossary terms.

You can set your preferences for browsing the ToL web site so that words contained in the glossary list are highlighted on ToL pages, and definitions are displayed when you move the cursor over a highlighted word. If you would like to try this now, click on the Turn Glossary On button below, and then go to a ToL page that features some of the terms in the list below (the Eukaryotes page is a good one). Note that you can turn the Glossary function on and off on any ToL branch page, leaf page, other article, note, or treehouse. Open the preferences menu and select either Show Glossary Entries or Hide Glossary Entries.

30.11.2008:

aboral | abyssopelagic (abyssopelagic zone) | actinopod (actinopods) | adoral | aerial | aestivation (aestivate, estivate, estivation) | alga (algae, algal) | allopatry (allopatric) | aloricate | amino acid (amino acids) | amoeba (amoebae) | amoeboid | amphitrophic | amphizoic | anoxic | apical | apomorphy (apomorphies, apomorphic) | appressorium (appressoria) | aquatic | arboreal (arboreality) | Archezoa | autapomorphy (autapomorphies, autapomorphic) | autotrophic | axoneme | bacterivore (bacterivores) | bacterivorous (bactivorous) | base pair (base pairs) | Batesian mimicry (Batesian mimic) | bathypelagic (bathypelagic zone) | benthos (benthic, benthic zone) | biotroph (biotrophs, biotrophic) | bivittate | black mud | branch (branches, branched, branching) | buccal | Burgess Shale | Cambrian | Carboniferous | carnivory (carnivores, carnivore, carnivory) | carpel (carpels) | carpogonium (carpogonia) | carposporangium (carposporangia) | carpospore (carpospores) | carposporophyte (carposporophytes) | cellulose polysaccharide | Cenozoic | character state (character states) | character (characters) | chlorophyll | chloroplast | chromist (chromists, chromophytes, chromophyte) | chromosome (chromosomes) | cilium (cilia) | clade (clades) | classification (classifications) | coccoid | coelom (coelomate, coelomic) | commensal | conjugation | conspecific (conspecifics) | containing group | contractile vacuole complex | contractile vacuole | convergence (convergences, convergent) | corolla | crenulated | crepuscular | Cretaceous | crista (cristae) | cryptogam (cryptogams) | cytopharynx | cytoplasm | cytoproct | cytoskeleton | cytostome | daughter cells | dehiscence (dehisce, dehiscent, dehisces) | deletion (deletions) | demersal | detritivore (detritivores, detritivorous, detritivory) | detritus | Devonian | dichotomous tree | dichotomy (dichotomies) | diffusion feeding | diploid (diploids, diploidy) | distal | diurnal | | ectoparasitoid (ectoparasitoids) | ectosymbiotic | ejectisome | endemic (endemics, endemism) | endoparasitoid (endoparasitoids) | enzyme (enzymes) | epithelium (epithelia, epithelial) | evolution (biological evolution, evolutionary, evolve, evolving, organic evolution) | exoskeleton | extracellular | extrorse | extrude | extrusome | extrusopodium (extrusopodia) | fertile | filament (filaments, filamentous) | flagellate (flagellates) | frustule | gametophyte (gametophytes) | gene (genes, genetic) | gonimoblast (gonimoblasts) | granule (granules) | Green River Formation | hadal (hadal zone) | haploid (haploids, haploidy) | herbivory (herbivores, phytophages, herbivore, herbivorous, phytophage, phytophagic, phytophagous) | hermaphrodite (hermaphrodites, hermaphroditic) | heterokont (heterokonts) | heterotrophic | histone | Holocene | holopelagic | homology (homologies, homologous) | homoplasy (analogies, homoplasies, analogous, analogy, homoplasic, homoplastic) | horizontal gene transfer (horizontal transfers, lateral gene transfers, lateral transfers, horizontal transfer, lateral gene transfer, lateral transfer) | host (hosts) | hydrolysis (hydrolyses, hydrolytic) | hypha (hyphae) | hypochondria | idiobiont (idiobionts) | idiosome | immotile | ingroup | inheritance (inherited, inheriting) | interspecific (interspecies, interspecifically) | intraspecific (intraspecies, intraspecifically) | Jurassic | koinobiont (koinobionts) | lineage (lineages) | loculicidal | loculus (locules, loculi, locular, locule) | lorica | macronucleus (macronuclei) | marine | mastigophore | membranelle | mesopelagic (mesopelagic zone) | Mesozoic | micronucleus (micronuclei) | microorganism (micro-organisms, microbes, microorganisms, micro-organism, microbe, microbial) | microtubule (microtubules) | mimicry (mimic) | mitochondrion (mitochondria, mitochondrions) | mixotrophic | monophyletic (monophyly) | morphology (morphological) | motile | mucilaginous | mucus | Müllerian mimicry (Müllerian mimic) | multicellular | nemadesmata | neritic | neuston (neustonic) | nocturnal | node (nodes) | nucleated | nucleolus (nucleoli) | nucleotide (nucleotides) | nucleus (nuclei) | nudipodium (nudipodia) | ontogeny (ontogenies, ontogenesis, ontogenetic) | Ordovician | organelle (organelles) | organism (organisms, organismal) | osmotrophic | ossicle (ossicles, ossicular, ossiculum) | outgroup (outgroups) | oviposition (oviposit, ovipositing, oviposits) | ovipositor (ovipositors) | Paleozoic (Palaeozoic) | paraphyletic (paraphyly) | parasitism (parasites, parasite, parasitic) | parasitoid (parasitoids) | paraxial rod | pelagic | pellicle | periplast | peristalsis | peristome | Permian | petal (petals) | phagocytosis | phagotroph | | photic (photic zone) | photosynthates | photosynthesis | photosynthetic pigments | phylogenetic inference | phylogenetics | phylogeny (phylogenetic) | pinocytosis | plankton (planktonic) | plasmodium (plasmodia) | plastid (plastids, aplastidic, plastidic) | Pleistocene | plesiomorphy (plesiomorphies, plesiomorphic) | polypeptide (polypeptides) | polyphagous (polyphages, polyphage, polyphagy) | polyphyletic | polytomous tree | polytomy (polytomies) | Precambrian | predation (predators, predaceous, predacious, predator, prey) | prokaryote (procaryotes, prokaryotes, procaryote, procaryotic, prokaryotic) | protein (proteins) | protist (Protista, protists) | protozoan (Protozoa, protozoans) | proximal | punctate | pusule | pyrenoid (pyrenoids) | Quarternary | reversal (character reversal) | rheotaxis (rheotactic) | rheotropism (rheotropic) | RNA (ribonucleic acid) | root (roots, rooted, rooting) | sepal (sepals) | septicidal | sequence alignment | sessile | siliceous | Silurian | sister group (sister groups, sister taxa, sister taxon) | spasmoneme | speciation | species | spicule (spicules) | sporangiferous | sporangiophore | sporangium (sporangia, sporangial, spore case, spore receptacle, spore sac) | spore (spores) | sporophyte (sporophytes) | sporulation | stamen (stamens, staminate) | standard length (SL) | starch grain (starch grains) | sterile | stomatocyst (stomatocysts) | suspension feeding | symbiosis (symbionts, symbioses, symbiont, symbiotic) | sympatry (sympatric) | symplesiomorphy (symplesiomorphies, symplesiomorphic) | synapomorphy (synapomorphies, synapomorphic) | syncytium (syncitia, syncytia, syncitium) | taxon (taxa) | tendril (tendrils) | terminal taxon (terminal taxa) | terrestrial | Tertiary | tetrasporangium (tetrasporangia) | theca | theront | Triassic | trichocyst | troglobite (troglobites, troglobitic) | troglomorphy (troglomorphies, troglomorphic) | trophic | undulipodium (undulipodia) | unicellular | vacuole (vacuoles) | xenosome (xenosomes) | xylophagous (xylophages, xylophage, xylophagy)

(E?)(L1) http://www.tolweb.org/tree/home.pages/links.html

Links to Related Websites:

Biodiversity: Global Projects | Regional Projects | Miscellaneous Resources

Natural History & Images: Museums, Collections, Exhibitions | Image Galleries

Evolution & Earth History: Phylogenetic Biology | Evolution | Earth History

Bioscience Education: Bioscience Education Portals and Collections | Resources for Teachers | Online Bioscience Instruction | Bioscience in the News

Databases, Journals, Directories, Organizations and Societies: Databases | Journals | | Organizations and Societies

(E?)(L?) http://www.tolweb.org/tree?group=Perissodactyla&contgroup=Eutheria

These categories are explained in more detail on the Structure of the Tree of Life page.

(E?)(L?) http://tolweb.org/

Eubacteria | Aquificae | Aquifex | Calderobacterium | Hydrogenobacter | Thermocrinis | Hydrogenothermus | Persephonella | Sulfurihydrogenibium | Balnearium | Desulfurobacterium | Thermovibrio | Thermotogae | Thermotoga | Fervidobacterium | Geotoga | Marinitoga | Petrotoga | Thermosipho | Thermodesulfobacteria | Thermodesulfobacterium | Thermodesulfatator | Deinococcus-Thermus | Deinococcus | Thermus | Marinithermus | Meiothermus | Oceanithermus | Vulcanithermus | Chloroflexi | Chloroflexus | Chloronema | Heliothrix | Roseiflexus | | Herpetosiphon | Anaerolinea | Caldilinea | Cyanobacteria | Subsection I | Chamaesiphon | Chroococcus | Cyanobacterium | Cyanobium | Cyanothece | Dactylococcopsis | Gloeobacter | Gloeocapsa | Gloeothece | Microcystis | Prochlorococcus | Prochloron | Synechococcus | Synechocystis | Subsection II | Cyanocystis | Dermocarpella | Stanieria | Xenococcus | Chroococcidiopsis | Myxosarcina | Pleurocapsa | Subsection III | Arthrospira | Borzia | Crinalium | Geitlerinema | Leptolyngbya | Limnothrix | Lyngbya | Microcoleus | | Planktothrix | Prochlorothrix | Pseudanabaena | Spirulina | Starria | Symploca | Trichodesmium | Tychonema | Halospirulina | Subsection IV | Anabaena | Anabaenopsis | Aphanizomenon | Cyanospira | Cylindrospermopsis | Cylindrospermum | Nodularia | Nostoc | Scytonema | Calothrix | Rivularia | Tolypothrix | Subsection V | Chlorogloeopsis | Fischerella | Geitleria | Iyengariella | Nostochopsis | Stigonema | Firmicutes | Clostridia | Clostridiales | Clostridiaceae | Acetivibrio | Acidaminobacter | Alkaliphilus | Anaerobacter | Anaerotruncus | Bryantella | Caloramator | Caloranaerobacter | Caminicella | Clostridium | Coprobacillus | Dorea | Faecalibacterium | Hespellia | Natronincola | Oxobacter | Parasporobacterium | Sarcina | Soehngenia | Tepidibacter | Thermobrachium | Thermohalobacter | Tindallia | Lachnospiraceae | Acetitomaculum | Anaerofilum | Anaerostipes | Butyrivibrio | Catenibacterium | Catonella | Coprococcus | Johnsonella | Lachnobacterium | Lachnospira | Roseburia | Ruminococcus | Shuttleworthia | Sporobacterium | Peptostreptococcaceae | Anaerococcus | Filifactor | Finegoldia | Fusibacter | Gallicola | Helcococcus | Micromonas | Peptoniphilus | Peptostreptococcus | Sedimentibacter | Sporanaerobacter | Tissierella | Eubacteriaceae | Acetobacterium | Anaerovorax | Eubacterium | Mogibacterium | Peptococcaceae | Carboxydothermus | Dehalobacter | Desulfitobacterium | Desulfonispora | Desulfosporosinus | Desulfotomaculum | Pelotomaculum | Peptococcus | Syntrophobotulus | Thermoterrabacterium | Heliobacteriaceae | Heliobacillus | Heliobacterium | Heliophilum | Heliorestis | Acidaminococcaceae | Acetonema | Acidaminococcus | Allisonella | Anaeroarcus | Anaeroglobus | Anaeromusa | Anaerosinus | Anaerovibrio | Centipeda | Dendrosporobacter | Dialister | Megasphaera | Mitsuokella | Papillibacter | Pectinatus | Phascolarctobacterium | Propionispira | Propionispora | Quinella | Schwartzia | Selenomonas | Sporomusa | Succiniclasticum | Succinispira | Veillonella | Zymophilus | Syntrophomonadaceae | Acetogenium | Aminobacterium | Aminomonas | Anaerobaculum | Anaerobranca | Caldicellulosiruptor | Carboxydocella | Dethiosulfovibrio | Pelospora | Syntrophospora | Syntrophothermus | Thermoaerobacter | Thermanaerovibrio | Thermohydrogenium | Thermosyntropha | Thermoanaerobacteriales | Ammonifex | Caldanaerobacter | Carboxydobrachium | Coprothermobacter | Gelria | Moorella | Sporotomaculum | Thermacetogenium | Thermanaeromonas | Thermoanaerobacter | Thermoanaerobacterium | Thermoanaerobium | Thermovenabulum | Thermodesulfobium | Haloanaerobiales | Acetohalobium | Halanaerobacter | Halanaerobium | Halonatronum | Halobacteroides | Halocella | Halothermothrix | Natroniella | Orenia | Selenihalanaerobacter | Sporohalobacter | Mollicutes | Acholeplasma | Anaeroplasma | Asteroleplasma | Entomoplasma | Eperythrozoon | Haemobartonella | Mesoplasma | Mycoplasma | Phytoplasma | Spiroplasma | Ureaplasma | Erysipelotrichaceae | Bulleidia | Erysipelothrix | | Solobacterium | Bacilli | Bacillales | Alicyclobacillus | Ammoniphilus | Amphibacillus | Aneurinibacillus | Anoxybacillus | Bacillus | Brevibacillus | Brochothrix | Caryophanon | Exiguobacterium | Filibacter | Filobacillus | Gemella | Geobacillus | Gracilibacillus | Halobacillus | Jeotgalibacillus | Jeotgalicoccus | Kurthia | Lentibacillus | | Macrococcus | Marinibacillus | Marinococcus | Oceanobacillus | Oxalophagus | Paenibacillus | Paraliobacillus | Pasteuria | Planococcus | Planomicrobium | Saccharococcus | Salibacillus | Salinicoccus | Sporolactobacillus | Sporosarcina | Staphylococcus | Sulfobacillus | Thermicanus | Thermoactinomyces | Thermobacillus | Turicibacter | Ureibacillus | Virgibacillus | Lactobacillales | Abiotrophia | Acetoanaerobium | Aerococcus | Agitococcus | Alkalibacterium | Allofustis | Alloiococcus | Atopobacter | Carnobacterium | Desemzia | Dolosicoccus | Dolosigranulum | Enterococcus | Eremococcus | Facklamia | Globicatella | Granulicatella | Ignavigranum | Isobaculum | Lactobacillus | Lactococcus | Lactosphaera | Leuconostoc | Marinilactibacillus | Melissococcus | Oenococcus | | Paralactobacillus | Pediococcus | Streptococcus | Syntrophococcus | Tetragenococcus | Trichococcus | Vagococcus | Weissella | Gemmatimonas aurantiaca | Verrucomicrobia | Opitutus | Prosthecobacter | Verrucomicrobium | Victivallis | Xiphinematobacter | Planctomycetes | Planctomyces | Gemmata | Isosphaera | Pirellula | Fibrobacteres | Fibrobacter succinogenes | Fibrobacter succinogenes succinogenes | Fibrobacter succinogenes elongatus | Fibrobacter intestinalis | Spirochaetes | Spirochaeta | Borrelia | Brevinema | Clevelandina | Cristispira | Diplocalyx | Hollandina | Pillotina | Treponema | Serpulina | Brachyspira | Leptonema | Leptospira | Proteobacteria | alpha Proteobacteria | Rhodospirillales | Rickettsiales | Rhodobacterales | Sphingomonadales | Caulobacterales | Rhizobiales | Parvularcula bermudensis | Kordiimonas gwangyangensis | beta Proteobacteria | delta Proteobacteria | Desulfarculus baarsii | Desulfovibrionales | Desulfobacterales | Desulfurellales | Desulfuromonales | Syntrophobacterales | Bdellovibrionales | Myxococcales | gamma Proteobacteria | epsilon Proteobacteria | Actinobacteria | Acidimicrobium ferrooxidans | Actinomycetales | Actinomycineae | Actinomyces | Actinobaculum | Arcanobacterium | Mobiluncus | Varibaculum | Corynebacterineae | Corynebacterium | Mycobacterium | Nocardia | Dietzia | Gordonia | Rhodococcus | Tsukamurella | Williamsia | Micrococcineae | Arthrobacter | Micrococcus | Citricoccus | Kocuria | Nesterenkonia | Renibacterium | Rothia | Stomatococcus | Yania | Bogoriella | Demetria | Agreia | Agrococcus | Agromyces | Arsenicicoccus | Beutenbergia | Brachybacterium | Brevibacterium | Cellulomonas | Cellulosimicrobium | Clavibacter | Cryobacterium | Curtobacterium | Dermabacter | Dermacoccus | Dermatophilus | Frigoribacterium | Georgenia | Intrasporangium | Janibacter | Jonesia | Kineosphaera | Knoellia | Kytococcus | Leifsonia | Leucobacter | Microbacterium | Mycetocola | Nostocoidia | Oerskovia | Okibacterium | Ornithinicoccus | Ornithinimicrobium | Plantibacter | Promicromonospora | Rarobacter | Rathayibacter | Rhodoglobus | Salana | Salinibacterium | Sanguibacter | Subtercola | Terrabacter | Terracoccus | Tetrasphaera | Tropheryma | Xylanibacterium | Xylanimonas | Micromonosporineae | Micromonospora | Actinoplanes | Asanoa | Catellatospora | Catenuloplanes | Couchioplanes | Dactylosporangium | Pilimelia | Spirilliplanes | Verrucosispora | Virgisporangium | Propionibacterineae | Aeromicrobium | Actinopolymorpha | Friedmanniella | Kribbella | Luteococcus | Marmoricola | Microlunatus | Micropruina | Nocardioides | | Propionicimonas | Propioniferax | Propionimicrobium | Tessaracoccus | | Actinoalloteichus | Actinokineospora | Actinopolyspora | Actinosynnema | Amycolatopsis | Crossiella | Kibdelosporangium | Kutzneria | Lechevalieria | Lentzea | Prauserella | Saccharomonospora | Saccharopolyspora | Saccharothrix | Streptoalloteichus | Thermobispora | Thermocrispum | Streptomycineae | Kitasatospora | Streptomyces | Streptoverticillium | Streptosporangineae | Acrocarpospora | Actinomadura | Herbidospora | Microbispora | Microtetraspora | Nocardiopsis | Nonomuraea | Planobispora | Planomonospora | Planotetraspora | Spirillospora | Streptomonospora | Streptosporangium | Thermobifida | Thermomonospora | Frankineae | Acidothermus | Blastococcus | Cryptosporangium | Frankia | Geodermatophilus | Kineococcus | Kineosporia | Modestobacter | Microsphaera | Sporichthya | Glycomyces | Glycomyces harbinensis | Glycomyces rutgersensis | Glycomyces tenuis | Coriobacteriales | Atopobium | Collinsella | Coriobacterium | Cryptobacterium | Denitrobacterium | Eggerthella | Olsenella | Slackia | Rubrobacterales | Conexibacter | Rubrobacter | Solirubrobacter | Thermoleophilum | Bifidobacteriales | Actinocorallia | Aeriscardovia | Bifidobacterium | Falcivibrio | Gardnerella | Parascardovia | Pelczaria | Scardovia | Turicella | Chrysiogenes arsenatis | Thermomicrobium | Thermomicrobium roseum | Thermomicrobium fosteri | Nitrospira | Nitospira | Leptospirillum | Magnetobacterium | Thermodesulfovibrio | Deferribacteres | Deferribacter | Denitrovibrio | Flexistipes | Geovibrio | Synergistes | Caldithrix | Chlorobi | Chlorobium | Ancalochloris | Chlorobaculum | Chloroherpeton | Pelodictyon | Prosthecochloris | Chlamydiae | Chlamydia | Chlamydophila | Neochlamydia | Parachlamydia | Rhabdochlamydia | Simkania | Waddlia | Acidobacteria | Acidobacterium capsulatum | Geothrix fermentans | Holophaga foetida | Bacteroidetes | Acetofilamentum | Acetomicrobium | Acetothermus | Alistipes | Anaerophaga | Anaerorhabdus | Bacteroides | Dysgonomonas | Marinilabilia | Megamonas | Porphyromonas | Prevotella | Rikenella | Tannerella | Aequorivita | Arenibacter | Bergeyella | Blattabacterium | Capnocytophaga | Cellulophaga | Chryseobacterium | Coenonia | Croceibacter | Empedobacter | Flavobacterium | Gelidibacter | Gillisia | Mesonia | Muricauda | Myroides | Ornithobacterium | Polaribacter | Psychroflexus | Psychroserpens | Riemerella | Salegentibacter | Tenacibaculum | Weeksella | Zobellia | Belliella | Chitinophaga | Crenothrix | Cyclobacterium | Cytophaga | Dyadobacter | Flammeovirga | Flectobacillus | Flexibacter | Flexithrix | Haliscomenobacter | Hongiella | Hymenobacter | Lewinella | Meniscus | Microscilla | Pedobacter | Persicobacter | Reichenbachia | Rhodothermus | Runella | Salinibacter | Saprospira | Sphingobacterium | Spirosoma | Sporocytophaga | Thermonema | Toxothrix | Fusobacteria | Fusobacterium | Ilyobacter | Leptotrichia | Propionigenium | Sebaldella | Streptobacillus | Sneathia | Cetobacterium ceti | Dictyoglomi | Dictyoglomus thermophilum | Dictyoglomus turgidum | Eukaryotes | opisthokonts

Animals

Bilateria | Deuterostomia

Echinodermata | Arkarua | Helicoplacus | Edrioasteroidea

Pelmatozoa | Crinoidea

Four-circlet crinoids

Cladida | Articulata | Flexibilia | Camerata | Disparida | Blastoidea | Eleutherozoa | Asterozoa | Somasteroidea | Chinianasteridae | Archophiactinidae | Helianthasteridae

Villebrunasteridae | Archegonasteridae

Ophiuroidea | Ambuloasteroidea | Calliasterellidae

Compasteridae

Trichasteropsida

Forcipulatacea | Forcipulatida | Brisingida

Valvatacea | Paxillosida

Valvatida | Notomyotida | Spinulosacea | Velatida | Spinulosida | Concentricycloidea | Echinozoa | Holothuroidea

Apodida

Elasipodida

Aspidochirotida

Molpadiida

Dendrochirotida | Dactylochirotida | Eupyrgidae | Gephyrothuriidae | Echinoidea | Hemichordata | Planctosphaeridae

Pterobranchia | Cephalodiscidae | Rhabdopleuridae | Atubaridae | Enteropneusta | Ptychoderidae | Harrimaniidae | Spengelidae | Saxipendiidae | Chordata | Calcichordata

Urochordata

Cephalochordata | Yunnanozoon | Craniata | Hyperotreti | Gilpichthys | Node 1 | Myxinikela | Node 2 | Eptatretus | Paramyxine | Myxinidae | Myxine | Neomyxine | Vertebrata | Hyperoartia | Node 1 | Node 2 | Node 3

Lampetra | Lethenteron | Entosphenus | Tetrapleurodon | Eudontomyzon | Ichthyomyzon | Petromyzon | Caspiomyzon

Geotria | Mordacia | Pipiscius | Mayomyzon | Hardistiella | Node 1 | Pteraspidomorphi | Node 1 | Node 2 | Heterostraci

Node 2

Psammosteidae | Protaspididae | Pteraspididae | Protopteraspididae | Anchipteraspididae | Node1 | Cyathaspidida | Amphiaspidida | Tolypelepidida | Traquairaspidiformes | Lepidaspis | Eriptychiida | Eriptychius americanus | Eriptychius orvigi | Astraspida | Astraspis desiderata | Astraspis splendens | Arandaspida | Arandaspis | Porophoraspis | Sacabambaspis | Andinaspis | Thelodonti

Anaspida | Node 1 | Node 2 | Node 3 | Lasanius | Birkenia | Rhyncholepis | Pterygolepis | Pharyngolepis | Node 2 | Galeaspida | Node 1 | Node 2 | Node 3 | Huananaspidiformes | Polybranchiaspidiformes | Eugaleaspidiformes | Xiushuiaspis | Hanyangaspis | Node 3 | Pituriaspida | Pituriaspis | Neeyambaspis | Osteostraci | Node 1 | Node 2 | Cornuata | Node 3 | Node 4 | Node 5 | Thyestiida | Kiaeraspidida | Benneviaspidida | Zenaspidida | Cephalaspidida | Hemicyclaspis | Hirella | Ateleaspis | Gnathostomata | Node 1 | Teleostomi | Osteichthyes | Sarcopterygii | Onychodontiformes | Coelacanthimorpha

Porolepimorpha | Dipnoi

Rhizodontimorpha

Osteolepimorpha | Terrestrial Vertebrates

Tetrapoda | Reptiliomorpha

Amniota | Synapsida | Caseasauria | Eothyrididae | Caseidae | Eupelycosauria | Varanopseidae

Ophiacodontidae

Edaphosauridae | Sphenacodontia | Haptodus garnettensis

Palaeohatteria

Pantelosaurus

Cutleria | Sphenacodontoidea | Sphenacodontidae | Therapsida | Biarmosuchia | Eotitanosuchia | Dinocephalia | Anomodontia | Theriodontia | Gorgonopsia

Therocephalia | Cynodontia | Diviniidae | Procynosuchidae | Galesauridae | Thrinaxodontidae | Cynognathidae | gomphodonts | Chiniquodontidae | Probainognathidae | Tritheledontidae | Mammalia

Monotremata | Tachyglossidae | Tachyglossus aculeatus | Zaglossus bruijni | Ornithorhynchus anatinus | Multituberculata

Marsupialia | Didelphimorphia | Paucituberculata | Microbiotheria | Dasyuromorphia | Peramelemorphia | Notoryctemorphia | Diprotodontia

Palaeoryctoids | Eutheria

Edentata | Cingulata | Pilosa | Folivora | Megalonychidae | Bradypodidae | Vermilingua | Pholidota | Epoicotheriidae | Metacheiromyidae | Manidae | Eurotamandua | Maninae | Eomanis | Necromanis | Patriomanis | Manis (Manis) crassicaudata | Manis (Manis) pentadactyla | Manis (Paramanis) javanica | Smutsiinae (African pangolins)

Manis (Smutsia) gigantea | Manis (Smutsia) temminckii

Manis (Phataginus) tricuspis | Manis (Uromanis) tetradactyla

Glires | Lagomorpha | Ochotonidae | Leporidae | Rodentia

Suborder Myodonta | Muroidea | Spalacidae | Spalacinae | Rhizomyinae | Myospalacinae | Eumuroida | Platacanthomyinae | Muridae | Lophiomyinae | Murinae | Philippine Old Endemics | Phloeomys | Batomys | Crateromys | Carpomys

Praomys group | Praomys | Mastomys | Zelotomys | Hylomyscus | Myomys | Stenocephalomys | Colomys | Heimyscus | Mus | Arvicanthine group

Lemniscomys | Arvicanthis | Rhabdomys | Aethomys

Stochomys | Hybomys | Desmomys | Pelomys | Mylomys | Grammomys | Thallomys | Oenomys | Otomyine group | Otomys | Parotomys | Rattus group

Rattus | Berylmys | Tarsomys | Limnomys | Abditomys | Bullimus | Bandicota | Sundamys

Niviventer

Dacnomys | Leopoldamys | Maxomys | Australasian group | Philippine Old Endemics II | Shrew rats | Chrotomys | Archboldomys | Rhynchomys | Celaenomys | Apomys | New Guinea group | Hyomys | Anisomys

Chiruromys | Pogonomys | Coccymys | Macruromys | Mallomys

Leporillus | Conilurus | Mesembriomys

Mastacomys | Notomys | Zyzomys | Uromys | Leggadina

Hydromys | Parahydromys

Neohydromys | Mayermys | Xeromys | Crossomys | Leptomys

Solomys | Melomys | Malacomys | Apodemus | Micromys | Vandeleura | Tokudaia | Millardia | Dasymys

Deomyinae | Acomys | Deomys | Lophuromys | Uranomys | Gerbillinae | Calomyscinae | Cricetidae | Cricetinae | Arvicolinae

Sigmodontinae | Oryzomyalia | Abrothicine group

Abrothrix | Chroeomys

Chelemys | Notiomys | Pearsonomys | Geoxus | Thomasomyine group and Sigmodontinae incertae sedis | Abrawayaomys | Aepeomys | Chilomys | Phaenomys | Rhagomys

Rhipidomys | Thomasomys | Wilfredomys | Wiedomyini | Wiedomys | Cholomys | Oryzomyini | Scolomys

Megalomys | Oryzomys | Oecomys | Megaoryzomys

Lundomys

Holochilus

Oligoryzomys

Microryzomys | Neacomys

Nectomys | Amphinectomys | Nesoryzomys

Melanomys | Sigmodontomys | Zygodontomys | Akodontini

Akodon sensu stricto | Necromys | Thalpomys | Lenoxus | Oxymycterus | Dankomys | Blarinomys | Podoxomys | Juscelinomys | Bibimys

Scapteromys | Kunsia | Punomys | Phyllotini | Calomys

Calomys venustus | Calomys bolivae | Calomys callosus | Calomys tener | Calomys callidus | Calomys hummelincki | Calomys musculinus | Calomys laucha | Calomys lepidus | Calomys sorellus

Eligmodontia | Eligmodontia morgani | Eligmodontia typus | Eligmodontia moreni | Eligmodontia puerulus

Graomys | Graomys griseoflavus | Graomys dorae | Graomys domorum | Graomys edithae | Salinomys

Phyllotis | Phyllotis wolffsohni

Phyllotis haggardi | Phyllotis osilae

Phyllotis andium

Phyllotis gerbillus | Phyllotis amicus

Phyllotis darwini species group

Phyllotis xanthopygus | Phyllotis limatus | Phyllotis bonaeriensis

Phyllotis darwini | Phyllotis magister | Phyllotis osgoodi | Phyllotis caprinus | Phyllotis definitus | Chinchillula sahamae

Auliscomys group | Auliscomys | Auliscomys boliviensis

Auliscomys sublimis | Auliscomys pictus | Galenomys garleppi | Loxodontomys | Loxodontomys micropus | Loxodontomys formosus | Tapecomys | Andalgalomys | Andalgalomys pearsoni | Andalgalomys roigi | Andalgalomys olrogi | Olympicomys | Ichthyurodon | Delomys | Irenomys tarsalis | Andinomys edax | Euneomys | Euneomys chinchilloides | Euneomys petersoni | Euneomys mordax | Neotomys

Panchomys | Reithrodon | Reithrodon auritus | Reithrodon evae | Juliomys

Sigmodon | Sigmodon alstoni

Sigmodon alleni | Sigmodon hirsutus | Sigmodon inopinatus

Sigmodon arizonae | Sigmodon mascotensis | Sigmodon hispidus | Sigmodon ochrognathus | Sigmodon peruanus | Sigmodon toltecus

Sigmodon fulviventer | Sigmodon leucotis | Ichthyomyini | Neusticomys mussoi | Neusticomys venezuelae

Neusticomys peruviensis | Neusticomys oyapocki

Neusticomys monticolus

Chibchanomys trichotis

Anotomys leander

Ichthyomys

Ichthyomys tweedii | Ichthyomys hydrobates | Ichthyomys stolzmanni | Ichthyomys pitteri | Rheomys

Rheomys hartmani | Rheomys thomasi

Rheomys underwoodi | Rheomys mexicanus | Neotominae | Tylomyinae | Nyctomys | Otonyctomys | Tylomys | Ototylomys | Nesomyidae | Nesomyinae

Mystromyinae | Petromyscinae

Cricetomyinae | Dendromurinae | Dipodoidea | Suborder Anomaluromorpha | Anomaluroidae | Pedetoidae | Suborder Castorimorpha | Castoridae | Geomyoidea | Theridomorpha | Sciuromorpha

Aplodontiidae | Sciuridae

Xerinae | Xerini | Atlantoxerus | Spermophilopsis | Xerus

Marmotini | Tamias | Sciurotamias

Ammospermophilus | Cynomys | Marmota

Marmota himalyana | Marmota sibirica | Marmota camtschatica

Marmota bobak | Marmota baibacina | Marmota broweri

Marmota caudata | Marmota menzbieri | Marmota marmota | Marmota monax

Marmota flaviventris

Marmota caligata | Marmota vancouverensis | Marmota olympus | Spermophilus | Protoxerini | Protoxerina | Epixerus | Heliosciurus | Protoxerus | Funisciurina | Funisciurus | Myosciurus | Paraxerus | Sciurinae | Pteromyini | Aeretes | Aeromys | Belomys | Biswamoyopterus | Eupetaurus | Glaucomys | Hylopetes | Iomys | Petaurillus | Petaurista | Petinomys | Pteromys | Pteromyscus | Trogopterus

Sciurini | Rheithrosciurus

Sciurus | Microsciurini | Microsciurus | Syntheosciurus | Tamiasciurini | Callosciurinae | Callosciurini | Callosciurus | Dremomys | Exilisciurus | Glyphotes | Hyosciurus | Lariscus | Menetes | Nannosciurus | Prosciurillus | Rubrisciurus | Tamiops | Sundasciurus | Funambulini | Ratufinae | Sciurillinae | Gliridae | Suborder Hystricomorpha | Ctenodactylidae | Infraorder Hystricognathi | Franimorpha | Bathyergomorpha | Hystricomorpha | Phiomorpha | Caviomorpha | Macroscelididae | Metoldobotes | Herodotius | Hiwegicyon | Pronasilio | Palaeothentoides | Myohyrax | Protypotheroides | Rhynchocyon | Rhynchocyon chrysopygus | Rhynchocyon cirnei | Rhynchocyon petersi | Mylomygale

Elephantulus edwardii | Elephantulus fuscipes | Elephantulus fuscus | Elephantulus intufi | Elephantulus myurus | Elephantulus revoili | Elephantulus rufescens | Elephantulus rupestris | Elephantulus brachyrhynchus

Macroscelides proboscideus

Petrodromus tetradactylus | Elephantulus rozeti

Primates

Platyrrhini

Callithrix | Cebuella | Leontopithecus | Saguinus | Callimico

Cebus | Saimiri

Aotus | Callicebus

Pithecia

Cacajao | Chiropotes

Alouatta

Ateles | Lagothrix | Brachyteles | Catarrhini | Cercopithecidae

Macaca

Cercocebus | Mandrillus

Papio | Theropithecus

Cercopithecus | Erythrocebus | Miopithecus | Allenopithecus

Collobus | Procolobus

Pygathrix

Simias | Nasalis | Presbytis

Hominidae | Pongo | Pongo abelii | Pongo pygmaeus

Pan | Pan paniscus |

Ardipithecus

Australopithecus | Homo | Homo sapiens | Homo erectus | Homo ergaster | Homo rudolfensis | Homo habilis | Gorilla | Gorilla gorilla | Hylobatidae

Hylobates agilis | Hylobates lar | Hylobates muelleri | Hylobates moloch | Hylobates pileatus | Hylobates klossii | Hylobates hoolock | Hylobates syndactylus | Hylobates concolor | Tarsii

Tarsius bancanus | Tarsius syrichta

Tarsius pumilus | Tarsius spectrum | Strepsirrhini | Lorisiformes | Galagidae | greater bush babies | Otolemur crassicaudatus | Otolemur garnettii | needle-clawed bush babies | Euoticus elegantulus | Euoticus inustus | Galago moholi | Galago senegalensis | Galago demidoff | Galago zanzibaricus | Galago alleni | Lorisidae | Loris tardigradus | slow lorises | Nycticebus coucang | Nycticebus pygmaeus | Perodicticus potto | Arctocebus calabarensis | Nycticeboides simpsoni | Saharagalago misrensis | Wadilemur elegans | Komba robustus | Lemuriformes

Lemuridae

Lemur catta | gentle lemurs | Hapalemur aureus | Hapalemur griseus | Hapalemur simus | Varecia variegata

Eulemur fulvus | Eulemur coronatus | Eulemur macaco | Eulemur mongoz | Eulemur rubriventer | Pachylemur insignis

Indridae | Avahi laniger | sifakas | Propithecus diadema | Propithecus tattersalli | Propithecus verreauxi | Indri indri (Indri) | Palaeopropithecidae

Mesopropithecus globiceps | Mesopropithecus pithecoides | Mesopropithecus dolichobrachion | Archaeoindris fontoynonti | Babakotia radofilai

Palaeopropithecus ingens | Palaeopropithecus maximus | Archaeolemuridae | Archaeolemur edwardsi | Hadropithecus stenognathus | Archaeolemur majori | Lepilemur | Lepilemur dorsalis | Lepilemur ruficaudatus | Lepilemur edwardsi | Lepilemur leucopus | Lepilemur mustelinus | Lepilemur microdon | Lepilemur septentrionalis | Cheirogaleidae

mouse lemurs | Microcebus murinus | Microcebus rufus | Mirza coquereli | dwarf lemurs | Cheirogaleus major | Cheirogaleus medius

Allocebus trichotis | | koala lemurs | Megaladapis madagascariensis | Megaladapis edwardsi | Megaladapis grandidieri

Daubentonia madagascariensis | Daubentonia robusta | Karanisia clarki | Scandentia | Prodendrogale yunnanica | Ptilocercus lowii

Eodendrogale parvum | Dendrogale | Dendrogale melanura | Dendrogale murina

Tupaia | Tupaia belangeri | Tupaia chrysogaster | Tupaia dorsalis | Tupaia glis | Tupaia gracilis | Tupaia javanica | Tupaia longipes | Tupaia minor | Tupaia montana | Tupaia nicobarica | Tupaia palawanensis | Tupaia picta | Tupaia splendidula | Tupaia tana | Tupaia moellendorffi | Tupaia miocenica | Palaeotupaia sivalicus | Anathana ellioti | Urogale everetti

Chiroptera | Megachiroptera

Icaronycteris

Archaeonycteris

Hassianycteris

Palaeochiropteryx | Microchiroptera | Emballonuroidea

Rhinopomatoidea | Rhinopomatidae | Craseonycteridae | Rhinolophoidea | Nycteridae

Megadermatidae | Rhinolophidae | Rhinolophinae | Hipposiderinae

Noctilionoidea

Mormoopidae | Noctilionidae | Phyllostomidae | Mystacinidae

Nataloidea | Myzopodidae

Thyropteridae

Furipteridae | Natalidae

Molossoidea | Molossidae | Tomopeatinae | Molossinae | Antrozoidae | Vespertilionidae | Vespertilioninae

Miniopterinae

Myotinae

Muriniae | Kerivoulinae | Dermoptera | Paromomyidae

Plagiomenidae

Mixodectidae | Galeopithecidae | Dermotherium

Cynocephalus variegatus | Cynocephalus volans | Insectivora | Adapisoriculidae | Chrysochloridae | Calcochloris obtusirostris | Eremitalpa granti

Cryptochloris wintoni | Cryptochloris zyli | South African golden moles | Amblysomus (Neamblysomus) | Amblysomus julianae | Amblysomus gunningi | Amblysomus (Amblysomus) | Amblysomus iris | Amblysomus septentrionalis | Amblysomus hottentotus | African golden moles | Chlorotalpa tytonis | Chlorotalpa leucorhina | Chlorotalpa sclateri | Chlorotalpa duthieae | Chlorotalpa arendsi | Large golden moles | Chrysospalax trevelyani | Chrysospalax villosus | Cape golden moles | Chrysochloris visagei | Chrysochloris stuhlmanni | Chrysochloris asiatica | Sespedectidae | Amphilemuridae | Adapisoricidae | Creotarsidae | Erinaceidae | Proscalopidae | Talpidae | Dimylidae | Otlestidae | Geolabididae | Nesophontidae | Micropternodontidae | Apternodontidae | Solenodontidae | Plesiosoricidae | Nyctitheriidae | Soricidae | Tenrecidae | Potamogalinae | Micropotamogale | Micropotamogale lamottei | Micropotamogale ruwenzorii | Potamogale velox | Malagasy tenrecs | Tenrecinae(spiny tenrecs ) | Hemicentetes semispinosus | Tenrec ecaudatus

Setifer setosus | Echinops telfairi | soft tenrecs | Oryzorictinae | Oryzorictes | Oryzorictes hova | Oryzorictes talpoides | Oryzorictes tetradactylus

Limnogale mergulus | Microgale | Microgale brevicaudata | Microgale cowani | Microgale dobsoni | Microgale dryas | Microgale gracilis | Microgale longicaudata | Microgale parvula | Microgale principula | Microgale pulla | Microgale pusilla | Microgale talazaci | Microgale thomasi | Microgale drouhardi | Microgale fotsifotsy | Microgale gymnorhyncha | Microgale monticola | Microgale nasoloi | Microgale soricoides | Microgale taiva | Erythrozootes | Protenrec | Geogalinae | Geogale aurita | Parageogale

Creodonta | Carnivora | Feliformia | Viverravidae | Nimravidae | Felidae | Viverridae | Herpestidae | Hyaenidae | Nandiniidae | Caniformia | Miacidae | Canidae | Amphicyonidae | Ursidae | Hemicyonidae | Mustelidae | Procyonidae | Pinnipedia (Phocoidea) | Phocidae | Otariidae

Condylarthra

Artiodactyla | Ruminantia | Hypertragulidae | Leptomerycidae | Bachitheriidae | Gelocidae | Climacoceratidae | Pecora | Giraffoidea | Canthumeryx | Climacoceras | Giraffidae | Okapia johnstoni | Birgerbohlinia | Bramatherium | Bohlinia | Csakvarotherium | Decennatherium | Giraffa | Giraffa camelopardalis | Giraffa sivalensis | Giraffa gracilis | Giraffa pygmaea | Giraffa priscilla | Giraffa punjabiensis | Giraffa jumae | Giraffa stillei | Helladotherium | Honanotherium | Hydaspitherium | Karsimatherium | Macedonitherium | Mitilanotherium | Praepalaeotragus | Palaeotragus | Samotherium | Sivatherium | Sogdianotherium | Vishnutherium | Giraffokeryx | Injanatherium | Lorancameryx | Nyanzameryx | Progiraffa | Propalaeomeryx | Propalaeoryx | Teruelia | Georgiomeryx | Orangemeryx | Sperrgebietomeryx

Moschidae | | Micromeryx | Cervidae | Bovidae | Bovinae

Aepyceros melampus | Neotragus | Neotragus batesi | Neotragus moschatus | Neotragus pygmaeus | Oreotragus oreotragus

Alcelaphinae

Connochaetes taurinus | Connochaetes gnou

Damaliscus lunatus | Damaliscus hunteri | Damaliscus pygargus

Alcelaphus buselaphus | Sigmoceros lichtensteinii | Damalops | Oreonagor | Parestigorgon | Parmularius | Rabaticeras | Rhynotragus | Rusingoryx | Hippotraginae | Addax nasomaculatus | Hippotragus equinus | Hippotragus leucophaeus | Hippotragus niger

Oryx dammah | Oryx gazella | Oryx leucoryx | Praedamalis | Wellsiana

Pantholops hodgsonii | Caprinae | Rupicapra | Rupicapra pyrenaica | Rupicapra rupicapra

Ammotragus lervia | Budorcas taxicolor | Capra | Capra caucasica | Capra cylindricornis | Capra falconeri | Capra hircus | Capra ibex | Capra nubiana | Capra pyrenaica | Capra sibirica | Capra walie | Hemitragus | Hemitragus hylocrius | Hemitragus jayakari | Hemitragus jemlahicus | Ovis | Ovis ammon | Ovis aries | Ovis canadensis | Ovis dalli | Ovis nivicola | Ovis vignei

Naemorhedus | Naemorhedus baileyi | Naemorhedus caudatus | Naemorhedus crispus | Naemorhedus goral | Naemorhedus sumatraensis | Naemorhedus swinhoei | Oreamnos americanus | Ovibos moschatus | Fossil Caprinae | Benicerus | Boopsis | Capraoryx | Caprotragoides | Criotherium | Damalavus | Euceratherium | Gallogoral | Myotragus | Oioceros | Lyrocerus | Makapania | Megalovis | Mesembriacerus | Neotragocerus | Nesogoral | Norbertia | Numidocapra | Olonbulukia | Pachygazella | Pachytragus | Palaeoreas | Palaeoryx | Paraprotoryx | Parurmiatherium | Praeovibos | Procamptoceras | Prosinotragus | Protoryx | Samotragus | Sinocapra | Sinopalaeoceros | Sinotragus | Sivacapra | Sporadotragus | Tethytragus | Tossunnoria | Tsaidamotherium | Turcocerus | Urmiatherium | Bootherium | Symbos | Soergelia | Preptoceras | Cephalophinae | Cephalophus adersi | Cephalophus jentinki | Cephalophus leucogaster | Cephalophus maxwellii | Cephalophus monticola | Cephalophus niger | Cephalophus rubidus | Cephalophus zebra | Sylvicapra grimmia

Cephalophus callipygus | Cephalophus ogilbyi | Cephalophus weynsi

Cephalophus harveyi | Cephalophus natalensis | Cephalophus nigrifrons | Cephalophus rufilatus

Cephalophus dorsalis | Cephalophus silvicultor | Cephalophus spadix

Pelea capreolus | Reduncinae

Kobus ellipsiprymnus | Kobus kob | Kobus leche | Kobus megaceros | Kobus vardonii

Redunca arundinum | Redunca fulvorufula | Redunca redunca | Fossil Reduncinae | Cambayella | Dorcadoxa | Gangicobus | Hydaspicobus | Kobikeryx | Menelikia | Sivacobus | Sivadenota | Thaleroceros | Vishnucobus | Antilopinae | Ammodorcas clarkei | Antidorcas marsupialis | Antilope cervicapra | Dorcatragus megalotis | Gazella | Gazella arabica | Gazella bennettii | Gazella bilkis | Gazella cuvieri | Gazella dama | Gazella dorcas | Gazella gazella | Gazella granti | Gazella leptoceros | Gazella rufifrons | Gazella rufina | Gazella saudiya | Gazella soemmerringii | Gazella spekei | Gazella subgutturosa | Gazella thomsonii | Litocranius walleri | Madoqua | Madoqua guentheri | Madoqua kirkii | Madoqua piacentinii | Madoqua saltiana | Ourebia ourebi | Procapra | Procapra gutturosa | Procapra picticaudata | Procapra przewalskii | Raphicerus | Raphicerus campestris | Raphicerus melanotis | Raphicerus sharpei | Saiga tatarica | Prostrepsiceros | Ouzocerus | Dorcadoryx | Protragelaphus | Qurliqnoria | Hispanodorcas | Nisidorcas | Sinapocerus | Antilospira | Sinoreas | Parastrepsiceros | Spirocerus | Gazellospira | Tragospira | Miscellaneous fossil bovids | Namibiomeryx | Hypsodontus | Kubanotragus | Procobus | Prodamaliscus | Samodorcas | Shaanxispira | Torticornis | Kabulicornis | Damalacra | Pontoceros | Vishnumeryx | Fenhoryx | Parabubalis | Homoiodorcas | Palaeotragiscus | Tyrrhenotragus | Antilocapridae | Antilocapra americana | Antilocapra americana americana | Antilocapra americana mexicana | Antilocapra americana peninsularis | Antilocapra americana sonoriensis | Merycodus | Merriamoceros | Paracosoryx | Ramoceros | Cosoryx | Subantilocapra | Osbornoceros | Ilingoceros | Sphenophalos | Texoceros | Hayoceros | Hexobelomeryx | Ottoceros | Plioceros | Hexameryx | Proantilocapra | Ceratomeryx | Capromeryx | Tetrameryx | Stockoceros | Miscellaneous fossil pecorans | Palaeomerycidae | Hoplitomerycidae | Palaeohypsodontus | Eumeryx | Rutitherium | Walangania | Blastomeryx | Hispanomeryx | Dremotherium | Machaeromeryx | Longirostromeryx | Hanhaicerus | Andegameryx | Bugtimeryx

Tragulidae | Moschiola meminna | Archaeotragulus krabiensis

Tragulus javanicus | Tragulus williamsoni | Tragulus kanchil

Tragulus napu | Tragulus nigricans | Tragulus versicolor | Siamotragulus sanyathanai | Yunnanotherium | Dorcatherium | Dorcabune | Lophiomerycidae | Gobiocerus | Hippopotamidae | Kenyapotamus | Hexaprotodon | Choeropsis liberiensis | Trilobophorus afarensis

Hippopotamus amphibius | Hippopotamus gorgops | Hippopotamus kaisensis | Hippopotamus laloumena | Hippopotamus lemerlei | Hippopotamus antiquus | Hippopotamus creutzburgi | Hippopotamus melitensis

Suidae | Palaeochoerinae | Aureliachoerus | Palaeochoerus | Yunnanochoerus | Cainochoerus | Namachoerus | Sinapriculus | Conohyus | Lophochoerus | Notochoerus | Parachleuastochoerus | Sivachoerus | Tetraconodon | Nyanzachoerus | Hyotheriinae | Chleuastochoerus | Dubiotherium | Hyotherium | Kubanochoerinae | Kenyasus | Kubanochoerus | Libycochoerus | Megalochoerus | Nguruwe | Listriodontinae | Bunolistriodon | Listriodon | Lopholistriodon | Eurolistriodon | Siamochoerus | Suinae | Babyrousa babyrussa | Hylochoerus meinertzhageni | Sus | Sus barbatus | Sus salvanius | Sus scrofa | Sus verrucosus | Sus bucculentus | Sus cebifrons | Sus celebensis | Sus heureni | Sus philippensis | Sus timoriensis | Phacochoerus | Phacochoerus aethiopicus | Phacochoerus aethiopicus delamerei | Phacochoerus aethiopicus aethiopicus | Phacochoerus africanus | Potamochoerus | Potamochoerus porcus | Potamochoerus larvatus | Celebochoerus | Eumaiochoerus | Hippohyus | Hippopotamodon | Kolpochoerus | Korynochoerus | Metridiochoerus | Microstonyx | Potamochoeroides | Propotamochoerus | Sinohyus | Sivahyus | Stylochoerus | Molarochoerus | Tayassuidae | Odoichoerus | Tayassuinae | Tayassu pecari | Pecari tajacu | Catagonus wagneri | Argyrohyus | Brasiliochoerus | Chaenohyus | Cynorca | Dyseohyus | Egatochoerus | Hesperhys | Mylohyus | Perchoerus | Platygonus | Prosthennops | Thinohyus | Doliochoerinae | Doliochoerus | Taucanamo | Pecarichoerus | Barberahyus | Schizochoerus | Xenohyus | Tylopoda | Protoceratidae | Xiphodontidae

Camelidae | Camelinae | Lamini | Lama guanicoe | Lama glama | Lama pacos | Vicugna vicugna | Hemiauchenia | Pliauchenia | Alforjas | Blancocamelus | Camelops | Palaeolama | Eulamaops | Aepycamelus | Camelini | Camelus dromedarius | Camelus bactrianus | Procamelus | Megatylopus | Titanotylopus | Megacamelus | Gigantocamelus | Dyseotylopus | Delahomeryx | Hesperocamelus | Oxydactylus | Australocamelus | Priscocamelus | Nothokemas | Poebrodon | Hidrosotherium | Poebrotherium | Paralabis | Paratylopus | Gentilicamelus | Stenomylinae | Stenomylus | Blickomylus | Rakomylus | Miotylopus | Floridatragulinae | Floridatragulus | Aguascalientia | Protolabinae | Tanymykter | Michenia | Protolabis | Miolabinae | Nothotylopus | Miolabis | Paramiolabis | Cuyamacamelus | Capricamelus | Oromerycidae | Miscellaneous fossil artiodactyls | Merycoidodontidae | Agriochoeridae | Protoreodon | Diplobunops | Agriochoerus | Raoellidae | Choeropotamidae | Choeropotamus | Thaumastognathus | Haplobunodon | Lophiobunodon | Tapirulus | Rhagatherium | Hallebune | Amphirhagatherium | Masillabune | Cuisitherium | Parabunodon | Anthracotheriidae | Dichobunidae | Cebochoeridae | Sanitheriidae | Helohyidae | Mixtotheriidae | Cainotheriidae | Oxacron | Paroxacron | Plesiomeryx | Caenomeryx | Cainotherium | Anoplotheriidae | Robiacina | Robiatherium | Anoplotherium | Diplobune | Ephelcomenus | Deilotherium | Diplartiopus | Hyracodontherium | Dacrytherium | Catodontherium | Leptotheridium | Entelodontidae | Amphimerycidae | Aksyiria | Cetacea | Archaeoceti | Mysticeti | Llanocetidae | Mammalodontidae | Kekenodontidae

Aetiocetidae

Cetotheriidae

Balaenopteridae | Notiocetus | Palaeocetus | Balaenoptera musculus | Balaenoptera physalus | Balaenoptera borealis | Balaenoptera edeni | Balaenoptera acutorostrata | Plesiocetus | Idiocetus | Megaptera novaeangliae | Megapteropsis | Burtinopsis | Eschrichtius robustus (grey whale) | Caperea marginata (pygmy right whale) | Balaenidae | Morenocetus | Balaenula | Protobalaena | Mesoteras | Balaena mysticetus | Eubalaena glacialis | Eubalaena australis | Odontoceti | Agorophiidae | Dalpiazinidae | Albireonidae | Monodontidae | | Phocoenidae | Physeteroidea | Physeteridae | Kogiidae

Ziphiidae | Squalodontidae

Iniidae | Pontoporiidae

Kentriodontidae | | Lipotidae

Eoplatanistidae | Eurhinodelphidae

Squalodelphidae | Platanistidae | Tubulidentata | Palaeorycteropus | Archaeorycteropus | Myorycteropus | Orycteropus afer | Leptorycteropus

Perissodactyla | Equidae | Palaeotheriidae | Brontotheriidae | Anchilophidae | Eomoropidae | Chalicotheriidae | Hyracodontidae | Rhinocerotidae | Helaletidae | Isectolophidae | Lophiodontidae | Deperetellidae | Lophialetidae | Tapiridae

Hyracoidea | Seggeurius

Pliohyracidae | Procaviidae | Procavia capensis | Heterohyrax | Heterohyrax antineae | Heterohyrax brucei | Heterohyrax chapini | Dendrohyrax | Dendrohyrax dorsalis | Dendrohyrax arboreus | Dendrohyrax validus | Prohyrax | Gigantohyrax

Sirenia | Prorastomus | Dugongidae | Eotheroides

Sirenotherium

Miodugong

Protosiren

Halitheriinae | Prototherium | Paralitherium | Halitherium | Crenatosiren | Thalattosiren

Hydrodamalinae | Caribosiren | Metaxytherium | Dusisiren | Hesperosiren | Hydrodamalis gigas

Miosireninae | Anomotherium | Miosiren

Rytiodontinae

Dioplotherium | Rytiodus | Xenosiren | Corystosiren | Dugonginae | Indosiren | Dugong dugon | Trichechidae | Potamosiren | Ribodon | Trichechus inunguis | Trichechus manatus | Trichechus senegalensis | Desmostylia | Embrythopoda | Proboscidea | Numidotheriidae | Moeritheriidae | Barytheriidae | Deinotheriidae | Elephantiformes | Mammutidae | Gomphotheriidae | Stegodontidae | Elephantidae | Primelephas | Mammuthus | Mammuthus columbi | Mammuthus exilis | Mammuthus jeffersonii | Mammuthus meridionalis | Mammuthus primigenius | Mammuthus lamarmorae | Elephas maximus | Loxodonta africana | Reptilia | Anapsida | Mesosauridae

Millerettidae

Acleistorhinus | Lanthanosuchidae

Macroleter | Nyctiphruretia

Pareiasauria | Procolophonoidea | Testudines | Proganochelys | Casichelydia | Pleurodira | Cryptodira | Kayentachelys | Selmacryptodira | Paracryptodira | Pleurosternidae | Baenidae | Eucryptodira | Plesiochelyidae | Centrocryptodira | Meiolaniidae | Polycryptodira | Romeriida | Captorhinidae

Protorothyrididae | Diapsida | Araeoscelidia

Coelurosauravus

Apsisaurus

Heleosaurus | Galesphyrus | Heleosuchus | Younginiformes | Claudiosaurus | Sauria | Ichthyosauria | Sauropterygia | Archosauromorpha | Placodontia

Choristodera

Rhynchosauria

Trilophosauria

Prolacertiformes

Proterosuchia

Erythrosuchia

Proterochapmsia | Archosauria | Crocodylomorpha

Rauisuchia

Aetosauria

Parasuchia

Euparkeria

Ornithosuchidae

Lagosuchis

Pterosauria | Dinosauria | Ornithischia | Pisanosaurus

Lesothosaurus

Thyreophora | Scutellosaurus

Emausaurus

Stegosauria | Ankylosauromorpha | Scelidosaurus | Ankylosauria | Minmi | Nodosauridae

Struthiosaurus

Animantarx | Edmontonia

Panoplosaurus

Sauropelta | Silvisaurus | Anoplosaurus | Niobrarasaurus | Nodosaurus | Pawpawsaurus | Prioconodon | Stegopelta | Texasetes

Polacanthidae

Gargoyleosaurus

Hylaeosaurus | Mymoorapelta

Gastonia

Hoplitosaurus | Polacanthus | Ankylosauridae

Cedarpelta

Shamosaurus

Ankylosaurus

Saichania | Tarchia

Euoplocephalus | Pinacosaurus | Nodocephalosaurus | Talarurus | Tsagantegia | Neornithischia | Ornithopoda | Marginocephalia | Pachycephalosauria | Ceratopsia | Saurischia | Sauropodomorpha | Prosauropoda | Riojasaurus

Yunnanosaurus | Massospondylus

Lufengosaurus

Sellosaurus | Plateosaurus | Sauropoda | Theropoda | Eoraptor

Herrerasauridae

Ceratosauria | Tetanurae

Torvosauridae | Spinosauridae

Allosauroidea | Coelurosauria | Ornitholestes | Compsognathidae

Alvarezsauridae | Ornithomimidae | Therizinosauridae

Tyrannosauroidea

Stokesosaurus clevelandi | Labocania anomala | Siamotyrannus isanensis | Tyrannosauridae | Aublysodontinae | Aublysodon molnari | Alectrosaurus olseni | Kirtland Shale aublysodontine | Tyrannosaurinae | Alioramus remotus

Shanshanosaurus houyanshanensis

Albertosaurus sarcophagus | Gorgosaurus libratus

Daspletosaurus torosus | Two Medicine tyrannosaurine

Tarbosaurus bataar | Tyrannosaurus rex | Maniraptora | Oviraptorosauria

Dromaeosauridae | Troodontidae | Aves | Archaeopteryx

Confuciusornithidae

Enantiornithes | Euornithes (true birds)

Patagopteryx | Hesperornithiformes | Ichthyornithiformes | Neornithes | Paleognathae | Tinamiformes | Nothurinae (aridland tinamou)

Eudromia | Eudromia elegans | Eudromia formosa | Tinamotis | Tinamotis pentlandii | Tinamotis ingoufi

Rhynchotus rufescens

Nothoprocta | Nothoprocta cinerascens

Nothoprocta curvirostris | Nothoprocta perdicaria

Nothoprocta taczanowskii | Nothoprocta pentlandii

Nothoprocta ornata | Nothoprocta kalinowski

Taoniscus nanus | Nothura | Nothura boraquira

Nothura minor

Nothura darwinii

Nothura chacoensis | Nothura maculosa | Tinaminae (forest tinamou) | Nothocercus | Nothocercus julius

Nothocercus nigrocapillus | Nothocercus bonepartei

Tinamus

Tinamus major | Tinamus guttatus

Tinamus osgoodi

Tinamus solitarius | Tinamus tao | Crypturellus | Crypturellus kerriae

Crypturellus parvirostris | Crypturellus tataupa | Crypturellus obsoletus

Crypturellus boucardi

Crypturellus soui

Crypturellus bartletti | Crypturellus brevirostris | Crypturellus casiquiare | Crypturellus variegatus | Crypturellus noctivagus | Crypturellus erythropus | Crypturellus duide | Crypturellus atrocapillus

Crypturellus strigulosus

Crypturellus undulatus

Crypturellus transfasciatus | Crypturellus cinnamomeus

Crypturellus cinereus | Crypturellus berlepschi | Crypturellus ptaritepui | Struthioniformes (Ratites) | Rheidae | Rhea americana | Pterocnemia pennata | Dinornithidae | Megalapteryx

Dinornis

Pachyornis

Anomalopteryx

Emeus | Euryapteryx

Struthio camelus

Aepyornithidae | Mullerornis | Aepyornis

Apterygidae | Brown Kiwis

Apteryx rowii | Apteryx mantelli | Apteryx australis | Spotted Kiwis | Apteryx owenii | Apteryx haastii

Casuariidae | Casuarius casuarius | Casuarius bennetti | Casuarius papuanus | Casuarius unappendiculatus | Dromaius novaehollandiae | Neognathae | Galloanserae | Anseriformes

| Anhimidae | Galliformes | Megapodiidae

mound builders

Aepypodius | Aepypodius arfakianus | Aepypodius bruijnii | Alectura lathami | Leipoa ocellata | Talegalla | Talegalla cuvieri | Talegalla fuscirostris | Talegalla jobiensis | Macrocephalon maleo

Megapodius | Megapodius laperouse | Megapodius nicobariensis | Megapodius bernsteinii

Megapodius tenimberensis | Megapodius cumingii | Megapodius geelvinkianus

Megapodius forstenii | Megapodius freycinet | Megapodius decollatus

Megapodius ermita | Megapodius reinwardt

Megapodius pritchardii | Megapodius layardi | Eulipoa wallacei

Cracidae

Phasianidae | Odontophoridae | Numididae | Neoaves

Gruiformes

Aramidae | Gruidae | Psophiidae

Heliornithidae | Rallidae

Eurypygidae | Rhynochetidae | Cariamidae | Otididae | Mesitornithidae

Ciconiiformes

Threskiornithidae

Balaenicipitidae | Pelecanidae | Scopidae | Ardeidae | Ciconiidae | Pelecaniformes

Sulidae

Morus

Morus serrator | Morus capensis | Morus bassanus | Papasula abbotti | Sula

Sula variegata | Sula nebouxii

Sula dactylatra | Sula granti | Sula leucogaster | Sula sula

Anhingidae | Anhinga anhinga | Anhinga melanogaster | Anhinga novaehollandiae | Anhinga rufa | Phalacrocoracidae | Fregatidae

Fregata andrewsi | Fregata minor

Fregata aquila | Fregata magnificens | Fregata ariel | Phaethontidae | Phaethon aethereus

Phaethon rubricauda | Phaethon lepturus

Charadriiformes

Charadriidae

Recurvirostridae | Haematopodidae

Burhinidae | Chionididae

Glareolidae

Alcidae | Laridae | Turnicidae

Jacanidae | Rostratulidae

Pedionomidae | Thinocoridae | Scolopacidae

Phoenicopteriformes | Podicipedidiformes | Falconiformes | Cathartidae | Falconidae

Daptrius ater | Milvago | Milvago chimachima | Milvago chimango | Phalcoboenus | Phalcoboenus carunculatus | Phalcoboenus megalopterus | Phalcoboenus albogularis | Phalcoboenus australis | Ibycter americana | Caracara | Caracara cheriway | Caracara lutosa | Caracara plancus | Spiziapteryx circumcincta

Microhierax | Microhierax caerulescens | Microhierax fringillarius | Microhierax latifrons | Microhierax erythrogenys | Microhierax melanoleucos | Polihierax | Polihierax semitorquatus | Polihierax insignis | Falco | Falco naumanni | Falco tinnunculus | Falco newtoni | Falco punctatus | Falco araea | Falco moluccensis | Falco cenchroides | Falco sparverius | Falco rupicoloides | Falco alopex | Falco ardosiaceus | Falco dickinsoni | Falco zoniventris | Falco chicquera | Falco vespertinus | Falco amurensis | Falco eleonorae | Falco concolor | Falco femoralis | Falco columbarius | Falco rufigularis | Falco deiroleucus | Falco subbuteo | Falco cuvieri | Falco severus | Falco longipennis | | Falco berigora | Falco hypoleucos | Falco subniger | Falco biarmicus | Falco jugger | Falco cherrug | Falco rusticolus | Falco mexicanus | Falco peregrinus | Falco pelegrinoides | Falco fasciinucha

Herpetotheres cachinnans | Micrastur | Micrastur ruficollis | Micrastur plumbeus | Micrastur gilvicollis | Micrastur mirandollei | Micrastur semitorquatus | Micrastur buckleyi

Sagittariidae

Accipitridae

Aquila | Hieraaetus | Ictinaetus | Lophaetus | Oroaetus | Polemaetus | Spizaetus | Spizastur | Stephanoaetus

Erythrotriorchis | Kaupifalco | Macheiramphus | Megatriorchis | Urotriorchis

Accipiter | Circus

Melierax | Micronisus

Butastur

Ictinia

Busarellus

Asturina | Buteo | Geranoaetus | Leucopternis | Parabuteo

Buteogallus | Harpyhaliaetus

Geranospiza | Rostrhamus | Harpagus

Haliastur | Milvus

Haliaeetus | Ichthyophaga

Harpyopsis

Harpia | Morphnus

Sarcogyps

Trigonoceps

Aegypius | Torgos

Gyps | Necrosyrtes

Spilornis

Pithecophaga

Terathopius

Circaetus | Dryotriorchis

Chelictinia | Elanus | Gampsonyx

Polyboroides

Hamirostra | Lophoictinia

Aviceda | Elanoides

Henicopernis | Pernis

Chondrohierax | Leptodon

Gypohierax

Eutriorchis

Gypaetus | Neophron | Pandionidae

Procellariiformes

Diomediidae | Procelariidae | Oceanitidae | Gaviiformes | Sphenisciformes | Aptenodytes | Aptenodytes patagonicus | Aptenodytes forsteri

Pygoscelis | Pygoscelis adeliae

Pygoscelis papua | Pygoscelis antarcica

Spheniscus | Eudyptula minor

Spheniscus demersus | Spheniscus magellanicus

Spheniscus humboldti | Spheniscus mendiculus

Megadyptes antipodes | Eudyptes | Eudyptes pachyrrhynchus | Eudyptes robustus | Eudyptes sclateri | Eudyptes chrysocome

Eudyptes chrysolophus | Eudyptes schlegeli | Strigiformes | Strigidae | Tytonidae

Apodiformes | Aegothelidae

Trochilidae

Apodidae | Hemiprocnidae | Caprimulgiformes

Nyctibiidae | Caprimulgidae | Steatornithidae | Podargidae | Musophagiformes | Opisthocomiformes | Columbiformes | Columbidae | Pteroclidae | Psittacidae | Cacatuidae | Loriidae | Cuculiformes

Passeriformes

Suboscines | Eurylaimides | Pittidae | Sapayoa aenigma

Philepittidae | Eurylaimidae | Tyrannides | Furnarii | Melanoparaeia

Thamnophilidae | Conopophagidae

Formicariidae part 1

Rhinocryptidae

Formicariidae part 2

Dendrocolaptidae | Furnariidae | Tyranni | Piprinae | Tityrinae | Oxyruncus | Tyrannidae | Cotinginae | Oscines | Menuroidea | Menuridae | Atrichornithidae

Passerida

Sylvioidea

Stenostiridae

Paridae | Remizidae

Alaudidae | Panurus

Nicator

Sphenoeacus | Achaetops | Macrosphenus | Bradypterus victorini | Melocichla

Acrocephalidae

Donacobius | Megaluridae

Hirundinidae | Pycnonotidae

Cettiidae | Aegithalidae | Hylia | Phylloscopidae | Cisticolidae | Timaliidae

Passeroidea | Irenidae

Nectariniidae | Dicaeidae

'Nine-primaried oscines'

Parulidae | Icteridae

Cacicus

Cacicus haemorrhous

Clypicterus oseryi | Ocyalus latirostris

Cacicus chrysonotous | Cacicus leucoramphus

Cacicus cela

Cacicus uropygialis | Cacicus microrhynchus

Cacicus sclateri | Cacicus chrysopterus | Cacicus solitarius | Cacicus koepckeae | Cacicus melanicterus | Psarocolius

Psarocolius angustifrons | Psarocolius atrovirens | Zarhynchus wagleri

Psarocolius viridis

Psarocolius montezuma

Psarocolius bifasciatus | Psarocolius yuracares | Psarocolius cassini | Psarocolius guatimozinus | Psarocolius decumanus | Amblycercus holosericeus | Icterus | Icterus maculialatus

Icterus dominicensis melanopsis | Icterus dominicensis northropi

Icterus oberi | Icterus laudabilis

Icterus cayanensis cayanensis | Icterus chrysocephalus

Icterus cayanensis pyrrhopterus | Icterus cayanensis periporphyrus | Icterus bonana | Icterus dominicensis portoricensis

Icterus prosthemelas

Icterus spurius | Icterus fuertesi | Icterus cucullatus | Icterus wagleri

Icterus icterus

Icterus jamacaii | Icterus croconotus

Icterus pectoralis | Icterus graceannae | Icterus mesomelas

Icterus graduacauda | Icterus chrysater | Icterus parisorum

Icterus pustulatus | Icterus bullockii

Icterus nigrogularis | Icterus gularis | Icterus auratus

Icterus galbula | Icterus leucopteryx | Icterus auricapillus

Xanthopsar flavus | Chrysomus | Chrysomus icterocephalus | Chrysomus ruficapillus | Agelaioides | Agelaioides oreopsar | Agelaioides badius | Agelasticus

Agelasticus cyanopus | Agelasticus xanthophthalmus | Agelasticus thilius | Gnorimopsar chopi

Curaeus | Curaeus curaeus | Curaeus forbesi | Amblyramphus holosericeus

Gymnomystax mexicanus | Hypopyrrhus pyrohypogaster | Lampropsar tanagrinus | Macroagelaius

Quiscalus | Quiscalus quiscula

Quiscalus major | Quiscalus mexicanus | Quiscalus niger | Quiscalus lugubris | Quiscalus palustris | Quiscalus nicaraguensis | Euphagus | Agelaius

Agelaius tricolor

Agelaius phoeniceus | Agelaius assimilis

Agelaius xanthomus | Agelaius humeralis | Dives | Dives atroviolacea | Dives dives | Dives warszewiczi | Molothrus

Molothrus ater | Molothrus bonariensis | Molothrus aeneus | Molothrus oryzivora | Molothrus rufoaxillaris | Nesopsar nigerrimus

Xanthocephalus xanthocephalus | Dolichonyx oryzivorus | Sturnella | Sturnella bellicosa | Sturnella loyca | Sturnella militaris

Sturnella magna | Sturnella lilianae | Sturnella neglecta | Sturnella superciliaris | Sturnella defilippii | Emberizidae

Thraupidae | Cardinalidae

Calcarius | Plectrophenax | Fringillidae | Motacillidae | Passeridae | Ploceidae

Prunellidae | Peucedramus taeniatus

Certhioidea | Sittidae

Certhiidae

Troglodytidae | Polioptilidae | Muscicapoidea

Cinclidae

Turdidae | Muscicapidae

Rhabdornis | Buphagus | Sturnidae | Mimidae

Bombycillidae | Hypocoliidae | Promeropidae | Regulidae | Hyliota | Picathartidae | Petroicidae | Corvoidea | Daphoenositta | Campephagidae | Colluricincla | Falcunculus | Pachycephalidae

Oreoica | Pitohui | Paramythia | Ptilorrhoa

Erpornis | Vireonidae

Oriolidae | Sphecotheres

Cracticidae | Gymnorhina | Strepera | Artamidae | Aegithinidae

Malaconotinae | Dryoscopus

Batis | Lanioturdus

Vangidae | Prionopidae

Dicruridae | Rhipiduridae

Laniidae | Corvidae | Paradisaeidae

Struthidea | Corcorax | Melampitta

Monarchidae | Grallina | Melanocharitidae | Callaeatidae | Cnemophilinae | Orthonychidae | Pomatostomidae | Meliphagoidea | Maluridae | Dasyornis | Acanthizidae

Meliphagidae | Pardalotidae

Climacteridae | Ptilonorhynchidae | Acanthisittidae | Piciformes

Bucconidae | Galbulidae

Old World barbets

Ramphastidae | New World barbets

Indicatoridae | Picidae

Coliiformes | Trogoniformes | Coraciiformes

Upupidae | Phoeniculidae | Bucerotidae

Meropidae

Momotidae | Todidae

Todus mexicanus | Todus todus | Todus subulatus

Todus angustirostris | Todus multicolor | Alcedinidae | Alcedininae | Alcedo | Ceyx | Cerylinae | Megaceryle

Chloroceryle | Ceryle | Daceloninae

Cittura | Tanysiptera | Actenoides

Todiramphus | Syma

Dacelo | Clytoceyx | Melidora | Lacedo

Halcyon | Pelargopsis

Leptosomatidae

Coraciidae | Brachypteracidae | Atelornis | Atelornis crossleyi | Atelornis pittoides | Brachypteracias | Brachypteracias squamigera | Brachypteracias leptosomus | Uratelornis chimaera | Lepidosauromorpha | Saurosternon | Paliguana

Kuehneosauridae | Lepidosauria | Squamata | Iguania | Tropiduridae | Tropidurinae | Leiocephalinae | Liolaeminae | Acrodonta | Leiolepidinae | Chamaeleonidae | Agaminae | Corytophanidae | Crotaphytidae | Hoplocercidae | Polychridae | Opluridae | Iguaninae | Phrynosomatidae

Sand lizards | Phrynosoma | Petrosaurus | Sceloporus group | Uta

Urosaurus

Sator | Sceloporus | Scleroglossa | Gekkota | Dibamidae | Serpentes | Amphisbaenia | Scincomorpha | Scincoidea | Lacertoidea | Anguimorpha | Anguidae | Xenosauridae | Varanoidea | Rhynchocephalia | Gephyrosaurus | Sphenodontida | Diadectomorpha | Solenodonsaurus janenschi | Amphibia

Living Amphibians | Salientia | Triadobatrachus massinoti | (A) | Vieraella herbsti | Notobatrachus degiustoi | Ascaphus truei | (B) | Leiopelma

Leiopelma markhami | Leiopelma auroraensis | Leiopelma hochstetteri

Leiopelma waitomoensis | Leiopelma hamiltoni | Leiopelma archeyi | (C) | Eodiscoglossus santonjae | Bombinatoridae | Bombina | Barbourula | (D) | Discoglossidae | Spondylophryne | Scotiophryne | Prodiscoglossus | Pelophilus | Paradiscoglossus | Latonia | Baranophrys | Alytes | Discoglossus | (E) | (F) | (G) | Eopelobatinae | Aralobatrachus | Eopelobates | Kizylkuma | Megophryidae | Atympanophrys | Brachytarsophrys | Leptobrachella | Leptobrachium | Leptolalax | Megophrys | Scutiger | Pelobatidae

Macropelobates | Pelobates

Scaphiopus | Spea | Pelodytidae | Propelodytes

Miopelodytes | Pelodytes | Pelodytes caucasicus

Pelodytes arevacus | Pelodytes punctatus | (H) | Rhinophrynidae | Eorhinophrynus

Chelomophrynus | Rhinophrynus | Rhinophrynus dorsalis | Rhinophrynus sp. | (I) | 'Pipids' | Cordicephalus | Eoxenopoides | Saltenia | Shomronella | Thoraciliacus | Palaeobatrachidae | Albionbatrachus | Lithobatrachus | Neusibatrachus | Palaeobatrachus | Pliobatrachus | Pipidae

Xenopus | Xenopus pascuali | Silurana | "Xenopus" romeri

Hymenochirus | Pseudhymenochirus | Pipa | Neobatrachia | Allophryne ruthveni | Brachycephalidae | Brachycephalus ephippium | Psyllophryne didactyla | Bufonidae | Ansonia | Atelopus | Bufo | Bufoides | Capensibufo | Crepidophryne | Dendrophryniscus | Didynamipus | Laurentophryne | Leptophryne | Melanophryniscus | Mertensophryne | Nectophryne | Nectophrynoides | Oreophrynella | Osornophryne | Pedostibes | Pelophryne | Peltophryne | Rhamphophryne | Schismaderma | Stephopaedes | Truebella | Werneria | Wolterstorffina | Heleophryne | Heleophryne natalensis | Heleophryne purcelli | Heleophryne regis | Heleophryne rosei | 'Leptodactylidae' | Ceratophryinae | Eleutherodactylinae | Hylodinae | Leptodactylinae | Adenomera

Edalorhina

Hydrolaetare

Leptodactylus

Limnomedusa

Lithodytes

Paratelmatobius

Physalaemus | Physalaemus aguirrei

Physalaemus albifrons

Physalaemus albonotatus

Physalaemus barrioi

Physalaemus biligonigerus

Physalaemus bokermanni

Physalaemus centralis

Physalaemus cicada

Physalaemus coloradorum

Physalaemus crombiei

Physalaemus cuvieri

Physalaemus enesefae

Physalaemus ephippifer

Physalaemus evangelistai

Physalaemus fernandezae

Physalaemus fischeri

Physalaemus fuscomaculatus

Physalaemus gracilis

Physalaemus henselii

Physalaemus jordanensis

Physalaemus kroyeri

Physalaemus lisei

Physalaemus maculiventris

Physalaemus moreirae

Physalaemus nanus

Physalaemus nattereri

Physalaemus obtectus

Physalaemus olfersii

Physalaemus petersi

Physalaemus pustulatus

Physalaemus pustulosus

Physalaemus riograndensis

Physalaemus santafecinus

Physalaemus signifer | Physalaemus soaresi

Pleurodema

Vanzolinius | Limnodynastinae | Adelotus | Heleioporus | Kyarranus | Lechriodus | Limnodynastes | Megistolotis | Mixophyes | Neobatrachus | Notaden | Philoria

Myobatrachinae | Arenophryne | Assa | Crinia | Geocrinia | Indobatrachus | Myobatrachus | Paracrinia | Rheobatrachus | Taudactylus | Uperoleia | Sooglossidae

Sooglossus gardineri | Sooglossus sechellensis | Nesomantis thomasseti | Rhinoderma | Rhinoderma darwinii | Rhinoderma rufum

Hylidae | Hemiphractinae | Stefania | Fritziana | Flectonotus | Cryptobatrachus | Hemiphractus | Gastrotheca | Amphignathodon | Hylinae | Triprion | Trachycephalus | Sphaenorhynchus | Ptychohyla | Pternohyla | Proacris | Plectrohyla | Phyllodytes | Phrynohyas | Osteopilus | Osteocephalus | Ololygon | Nyctimantis | Corythomantis | Calyptahyla | Argenteohyla | Aplatodiscus | Aparasphenodon | Anotheca | Pseudacris | Limnaeodus | Acris | Hyla | Smilisca | Allophryne | Pelodryadinae | Austrlobatrachus | Litoria | Cyclorana | Nyctimystes | Phyllomedusinae | Phrynomedusa | Agalychnis | Phyllomedusa | Pachymedusa | Pseudidae

Lysapsus mantidactylus | Lysapsus limellum

Pseudis paradoxa | Pseudis minuta | Centrolenidae | Centrolene | Hyalinobatrachium | Cochranella

Microhylidae | Scaphiophryninae* | Scaphiophryne | Scoptanura | Asterophryinae | Asterophrys | Barygenys | Hylophorbus | Pherohapsis | Phrynomantis | Xenobatrachus | Xenorhina | Brevicipitinae | Breviceps | Callulina | Probreviceps | Spelaeophryne | Cophylinae | Anodonthyla | Cophyla | Madecassophryne | Mantipus | Paracophyla | Platypelis | Plethodontohyla | Rhombophryne | Stumpffia | Dyscophinae | Calluela | Dyscophus | Genyophryninae | Choerophryne | Cophixalus | Copiula | Genyophryne | Oreophryne | Sphenophryne | Melanobatrachinae | Holophryne | Melanobatrachus | Parhoplophryne | Microhylinae | Arcovomer | Chaperina | Chiasmocleis | Ctenophryne | Dasypops | Dermatonotus | Elachistocleis | Gastrophryne | Gastrophrynoides | Glossostoma | Glyphoglossus | Hamptophryne | Hypopachus | Hyophryne | Kalophrynus | Kaloula | Metaphrynella | Microhyla | Myersiella | Otophryne | Phrynella | Ramanella | Relictivomer | Stereocyclops | Synapturanus | Syncope | Uperodon | Phrynomerus | Hemisus | Hemisus brachydactylum | Hemisus guineensis | Hemisus guttatus | Hemisus marmoratus | Hemisus microscaphus | Hemisus olivaceus | Hemisus perreti | Hemisus wittei | Arthroleptidae | Astylosterninae | Astylosternus | Leptodactylodon | Nyctibates | Scotobleps | Trichobatrachus | Arthroleptinae | Arthroleptis | Cardioglossa | Schoutedenella | 'Ranidae' | Raninae | Altirana | Amolops | Aubria | Batrachylodes | Ceratobatrachus | Conraua | Discodeles | Elachyglossa | Hildebrandtia | Lanzarana | Micrixalus | Nannophrys | Nyctibatrachus | Nannobatrachus | Nanorana | Occidozyga | Palmatorappia | Platymantis | Ptychadena | Pyxicephalus | Rana | Rana (Pelophylax) | Western Palearctic water frogs

Rana saharica | Rana perezi

Rana epeirotica

Rana shqiperica

Rana lessonae

Rana cretensis

Rana cerigensis

Rana bedriagae | Rana ridibunda | Rana terentievi | Eastern Palearctic water frogs | Rana fukiensis | Rana hubeiensis | Rana lateralis | Rana nigrolineata | Rana nigromaculata | Rana plancyi | Rana porosa | Rana shuchinae | Rana pipiens group | Rana (others) | Staurois | Strongylopus | Tomopterna | Petropedetinae | Anhydrophryne | Arthroleptella | Arthroleptides | Cacosterum | Dimorphognathus | Microbatrachella | Natalobatrachus | Nothophryne | Petropedetes | Phrynobatrachus | Phrynodon | Mantellinae | Laurentomantis | Mantella | Mantidactylus | Hyperoliidae | Hyperoliinae | Callixalus | Chrysobatrachus | Cryptothylax | Heterixalus | Hyperolius | Opisthothylax | Tachycnemis | Kassininae | Afrixalus | Kassina | Kassinula | Phlyctimantis | Tornierella | Leptopelinae | Acanthixalus | Leptopelis | Rhacophoridae | Philautus | Rhacophorinae | Aglyptodactylus | Boophis | Buergeria | Chirixalus | Chiromantis | Nyctixalus | Polypedates | Rhacophorus | Theloderma | Dendrobatidae | Aromobates | Colostethus | Dendrobates | Epipedobates | Mannophryne | Minyobates | Phyllobates | Caudata

Cryptobranchidae

Cryptobranchus alleghaniensis

Andrias japonicus | Andrias davidianus | Andrias scheuchzeri | Cryptobranchus guildayi | Cryptobranchus saskatchewanensi | Hynobiidae

Ranodon sibericus

Paradactylodon gorganensis | Paradactylodon mustersi | Paradactylodon persicus

Pachyhynobius shangchengensis

Hynobius

Liua tsinpaensis | Liua shihi

Batrachuperus longdongensis | Batrachuperus pinchonii | Batrachuperus tibetanus | Batrachuperus yenyuanensis | Batrachuperus karlschmidti | Batrachuperus taibaiensis

Salamandrella keyserlingii | Salamandrella schrenckii

Onychodactylus fischeri | Onychodactylus japonicus | Protohynobius puxiongensis

Salamandridae

Salamandra atra | Salamandra salamandra | Mertensiella luschani

Chioglossa lusitanica | Mertensiella caucasica

Salamandrina terdigitata

Pleurodeles | Tylototriton

Neurergus

Euproctus | Triturus (part 1)

Triturus (part 2)

Cynops | Paramesotriton | Pachytriton

Notophthalmus | Taricha | Archaeotriton | Chelotriton | Koalliella | Megalotriton | Oligosemia | Palaeopleurodeles | Procynops

Dicamptodontidae

Dicamptodon aterrimus

Dicamptodon copei

Dicamptodon ensatus | Dicamptodon tenebrosus | Ambystomichnus montanensis | Bargmannia wettsteini | Chrysotriton tiheni | Geyeriella mertensi | Wolterstorffiella wiggeri | Ambystomatidae

Ambystoma texanum | Ambystoma barbouri

Ambystoma cingulatum | Ambystoma annulatum | Ambystoma mabeei

Ambystoma opacum | Ambystoma jeffersonianum

Ambystoma macrodactylum | Ambystoma laterale

Ambystoma californiense

Ambystoma larmaensis | Ambystoma granulosum | Rhyacosiredon altimirani | Rhyacosiredon rivularis | Ambystoma dumerilii

Ambystoma velasci | Ambystoma tigrinum | Ambystoma flavipiperatum | Ambystoma rosaceum | Ambystoma amblycephalum | Ambystoma andersoni | Ambystoma ordinarium | Ambystoma taylori | Ambystoma mexicanum

Ambystoma maculatum | Ambystoma gracile | Ambystoma talpoideum | Ambystoma bombypellum | Ambystoma lacustre | Rhyacosiredon leorae | Rhyacosiredon zempoalaensis | Ambystoma hibbardi | Ambystoma kansaense | Ambystoma minshalli | Ambystoma tiheni | Amphitriton brevis | Proteidae

Necturus lewisi

Necturus maculosus

Necturus beyeri | Necturus alabamensis | Necturus punctatus | Proteus anguineus | Mioproteus caucasicus | Necturus krausei | Orthophyia longa | Proteus bavaricus

Amphiumidae

Amphiuma tridactylum | Amphiuma means | Amphiuma pholeter | Amphiuma antica | Amphiuma jepseni | Proamphiuma cretacea | Plethodontidae | Plethodontinae | Plethodon

Ensatina eschscholtzii | Hydromantes

Desmognathus | Phaeognathus hubrichti

Desmognathus wrighti

Desmognathus aeneus

Desmognathus marmoratus | Desmognathus quadramaculatus

Desmognathus imitator

Desmognathus carolinensis | Desmognathus orestes | Desmognathus ocoee | Desmognathus ochrophaeus

Desmognathus fuscus 1 | Desmognathus auriculatus

Desmognathus fuscus 2

Desmognathus monticola | Desmognathus apalachicolae

Desmognathus conanti | Desmognathus santeetlah

Desmognathus brimleyorum | Desmognathus welteri

Aneides ferreus | Aneides flavipunctatus | Aneides lugubris | Aneides hardii | Aneides aeneus | Karsenia koreana

Bolitoglossinae | Batrachoseps | Bolitoglossa | Hemidactylium scutatum | Spelerpinae | Eurycea | Haideotriton wallacei

Gyrinophilus | Stereochilus marginatus | Rhyacotritonidae

Rhyacotriton variegatus | Rhyacotriton cascadae

Rhyacotriton kezeri | Rhyacotriton olympicus | Sirenidae

Siren intermedia | Siren lacertina | Habrosaurus dilatus | Siren dunni | Siren hesterna | Siren miotexana | Batrachosauaroididae | Karauridae | Prosirenidae | Scapherpetontidae | Gymnophiona | Lysorophia | Microsauria | Nectridea

Aistopoda | Adelogyrinidae | Westlothiana | Seymouriamorpha | Urumqia liudaowanensis | Kotlassia | Utegenia shpinari

Discosauriscus | Discosauriscus pulcherrimus | Discosauriscus austriacus | Ariekanerpeton sigalovi | Seymouria | Seymouria sanjuanensis | Seymouria baylorensis | Seymouria grandis | Embolomeri | Gephyrostegidae | Whatcheeria | Temnospondyli

Edopidae | Cochleosauridae

Dendrerpeton

Dissorophoidae

Eryopidae | Zatrachydidae

Dvinosauria

Archegosauridae | Stereospondyli | Colosteidae | Baphetidae | Loxomma allmani | Loxomma acutirhinus | Loxomma rankini | Spathicephalus mirus | Spathicephalus pereger | Megalocephalus pachycephalus | Megalocephalus lineolatus | Baphetes planiceps | Baphetes kirkbyi | Baphetes lintonensis | Baphetes bohemicus | Eucritta melanolimnetes | Kyrinion martilli | Crassigyrinus scoticus | Tulerpeton | Hynerpeton | Ichthyostega | Acanthostega gunnari

Ventastega | Metaxygnathus | Elginerpeton | Actinopterygii | Polypteridae

Chondrostei | Cheirolepidiformes | Palaeonisciformes | Aeduellidae | Acrolepidae | Birgeriidae | Commentryidae | Elonichthyidae | Palaeoniscidae | Pygopteridae | Rhabdolepidae | Rhadinichthyidae | Aesopichthyidae | Stegotrachelidae | Redfieldiidae | Bobastraniidae | Chilodontidae | Platysomidae | Dorypteridae | Tarrasiiformes | Guildayichthyiformes | Phanerorhynchiformes | Saurichthyiformes | Acipenseriformes | Peipiaosteidae | Chondrosteidae | Acipenseridae | Polyodontidae | Ptycholepiformes | Pholidopleuriformes | Perleidiformes | Cephaloxenidae | Colobodontidae | Platysiagidae | Peltopleuridae | Cleithrolepidae | Perleididae | Thoracopteridae | Luganoiiformes | Neopterygii | Semionotiformes | Pycnodontiformes | Aspidorhynchiformes | Pachycormiformes | Macrosemiiformes | Lepisosteiformes | Halecostomi | Teleostei | Tselfatiformes | Pholidophoriformes | Leptolepidiformes

Osteoglossomorpha | Kuyangichthidae

Lycopteridae

Hiodontiformes | Plesiolycoptera daqingensis

Yanbiania wangqingica

Eohiodon | Eohiodon rosei | Eohiodon woodruffi | Hiodon | Hiodon consteniorum

Hiodon tergisus | Hiodon alosoides | Osteoglossiformes | Osteoglossidae | Pantodontidae | Notopteridae | Mormyridae | Gymnarchidae

Elopomorpha | Elopiformes | Elopidae | Megalopidae | Albuliformes | Albulidae | Halosauridae | Notacanthidae | Anguilliformes | Anguillidae | Heterenchelyidae | Moringuidae | Chlopsidae | Myrocongridae | Muraenidae | Synaphobranchidae | Ophichthidae | Colocongridae | Derichthyidae | Muraenesocidae | Nemichthyidae | Congridae | Nettastomatidae | Serrivomeridae | Saccopharyngiformes | Cyematidae | Saccopharyngidae | Eurypharyngidae | Monognathidae

Salmoniformes | Argentinoidei | Salmonoidei | Osmeroidei | Osmeroidea | Osmeridae | Salangidae | Sundasalangidae | Galaxioidea | Retropinnidae | Lepidogalaxias salamandroides | Galaxiidae | Esociformes

Esox reichertii | Esox lucius | Esox masquinongy

Esox niger | Esox americanus | Novumbra | Dallia

Umbra krameri

Umbra pygmae | Umbra limi

Stenopterygii

Cyclosquamata

Scopelomorpha | Neoscopelidae

Neoscopelus | Solivomer | Scopelengys | Myctophidae | Myctophinae | Lympanyctinae | Notolychnus | Remaining Lampanyctinae | Acanthomorpha | Lampridiformes

Polymixiiformes

Paracanthopterygii | Percopsiformes | Ophidiiformes | Gadiformes | Batrachoidiformes | Lophiiformes | Lophiidae | Sladenia

Lophiodes

Lophiomus | Lophius

Antennarioidei | Brachionichthys | Brachionichthys hirsutus | Brachionichthys politus | Brachionichthys unipennis | Brachionichthys verrucosus

Antennariidae | Antennarius | Antennarius striatus Group | Antennarius striatus | Antennarius hispidus

Antennarius pictus Group | Antennarius pictus | Antennarius maculatus | Antennarius commersoni

Antennarius multiocellatus | Antennarius pardalis | Anennarius ocellatus Group | Antennarius indicus

Antennarius radiosus

Antennarius scriptissimus | Antennarius avalonis

Antennarius ocellatus | Antennarius senegalensis

Antennarius nummifer Group | Antennarius nummifer

Antennarius coccineus | Antennarius bermudensis | Antennarius sanguineus

Antennarius duescus | Antennarius analis | Antennarius dorhensis | Antennarius rosaceus | Antennarius biocellatus | Antennarius pauciradiatus Group | Antennarius randalli | Antennarius pauciradiatus

Nudiantennarius

Antennatus

Kuiterichthys

Allenichthys

Lophiocharon

Echinophryne

Phyllophryne

Rhycherus

Tathicarpus | Histiophryne | Tetrabrachium ocellatum | Lophichthys boschmai

Chaunacidae | Bathychaunax | Chaunax

Ceratioidei | Caulophrynidae | Caulophryne | Robia

Centrophryne spinulosa | Ceratiidae | Ceratias | Cryptopsaras

Oneirodidae | Bertella | Chaenophryne | Chirophryne | Ctenochirichthys | Danaphryne | Dermatias | Dolopichthys | Leptacanthichthys | Lophodolos | Microlophichthys | Oneirodes | Pentherichthys | Phyllorhinichthys | Puck | Spiniphryne | Tyrannophryne

Melanocetus | Melanocetus murrayi

Melanocetus eustalus | Melanocetus johnsonii | Melanocetus niger | Melanocetus rossi

Himantolophus | Himantolophus cornifer-group | Himantolophus albinares-group | Himantolophus nigricornis-group | Himantolophus appelii-group | Himantolophus groenlandicus-group | Diceratiidae | Diceratias | Bufoceratias

Thaumatichthyidae | Thaumatichthys | Lasiognathus

Linophrynidae | Acentrophryne | Borophryne | Haplophryne | Linophryne | Photocorynus

Neoceratias spinifer | Gigantactinidae | Gigantactis | Rhynchactis | Ogcocephalidae | Dibranchus | Halieutaea | Halieutichthys | Solocisquama

Halicmetus

Malthopsis

Ogcocephalus | Zalieutes

Coelophrys | Halieutopsis | Acanthopterygii

Clupeomorpha | Ostariophysi | Gonorhynchiformes

Chanoides | Otophysi | Cypriniformes

Characiformes

Prochilodontidae | Curimatidae

Chilodontidae | Anostomidae

Ctenoluciidae | Hepsetidae | Erythrinidae | Lebiasinidae | Hemiodontidae | Parodontidae | Gasteropelecidae | Crenuchidae | Characidae

Citharinidae | Distichodontidae

Gymnotiformes | Gymnotidae

Rhamphichthyidae | Hypopomidae

Sternopygidae | Apteronotidae | Siluriformes | Diplomystidae | Siluroidei | Hypsidoridae | Siluroidea | Cetopsidae

Sisoroids | Amblycipitidae

Akysidae | Sisoridae | Aspredinidae

Acanthobunocephalus nicoi

Bunocephalini | Bunocephalus | Bunocephalus verrucosus | Bunocephalus aleuropsis | Bunocephalus coracoideus | Bunocephalus knerii | Bunocephalus amaurus | Bunocephalus chamaizelus | Bunocephalus doriae | Bunocephalus colombianus | Bunocephalus larai | Amaralia | Amaralia hypsiura | Amaralia 'oviraptor'

Pterobunocephalus | Pterobunocephalus depressus | Pterobunocephalus dolichurus

Aspredini | Platystacus cotylephorus

Aspredinichthys | Aspredinichthtys filamentosus | Aspredinichthtys tibicen | Aspredo aspredo

Xyliphius | Xyliphius magdalenae | Xyliphius barbatus | Xyliphius melanopterus | Xyliphius lepturus | Xyliphius lombarderoi | Xyliphius kryptos | Hoplomyzontini | Hoplomyzon | Hoplomyzon atrizona | Hoplomyzon papillatus | Hoplomyzon sexpapilostoma

Micromyzon akamai

Dupouyichthys sapito | Ernstichthys | Ernstichthys anduzei | Ernstichthys megistus | Ernstichthys intonsus | Doradoids

Doradidae | Auchenipteridae | "titanoglanis" | Mochokidae | Conorhynchos | "Pimelodoids" | Heptapteridae | Pimelodidae | Clariidae | Claroteidae | Malapteruridae | Amphiliidae | Austroglanididae | Bagridae | Lacantunia enigmatica | Ictaluridae | Pangasiidae | Siluridae | Plotosidae | Chacidae | Cranoglanidae | Schilbidae

Ariidae | Ancharius | Loricarioids

Nematogenyidae | Trichomycteridae

Callichthyidae

Hoplosternum | Hoplosternum magdalenae | Hoplosternum punctatum | Dianema | Dianema longibarbis | Dianema urostriatum | Megalechis | Megalechis personata | Megalechis thoracata | Lepthoplosternum | Lepthoplosternum pectorale | Lepthoplosternum beni | Lepthoplosternum altamazonicum | Lepthoplosternum tordilho | Callichthys | Callichthys callichthys | more Callichthys species to be described

Aspidoras | Aspidoras albater | Aspidoras brunneus | Aspidoras carvalhoi | Aspidoras eurycephalus | Aspidoras fuscoguttatus | Aspidoras lakoi | Aspidoras maculosus | Aspidoras menezesi | Aspidoras pauciradiatus | Aspidoras poecilus | Aspidoras raimundi | Aspidoras rochai | Aspidoras spilotus | Aspidoras virgulatus

Corydoras | Corydoras garbei | etc. | Brochis | Brochis britskii | Brochis multiradiatus | Brochis splendens

Scoloplacidae

Astroblepidae | Loricariidae | Araripichthyidae | Ichthyodectiformes | Allothrissopidae | Occithrissopidae | Cladocyclidae | Saurodontidae | Ichthyodectidae | Halecomorphi | Parasemionotiformes

Amiiformes | Ionoscopiformes | Acanthodii | Chondrichthyes | Placodermi | Ecdysozoa

Arthropoda

Hexapoda

Collembola | Poduromorpha | Podura | Onychiuridae | Onychiurinae | Tetrodontophorinae | Hypogastruridae | Brachystomellidae | Odontellidae | Neanuridae | Caputanurininae | Frieseinae | Morulininae | Neanurinae | Pseudachorutinae | Uchidanurinae | Symphypleona | Sminthurididae | Katiannidae | Spinothecidae | Bourletiellidae | Mackenziella psocoides | Sminthuridae | Dicyrtomidae | Bothriovulsus | Calvatomina | Dicyrtoma | Dicyrtomina | Gibberathrix | Jordanathrix | Papirioides | Ptenothrix | Sturmius | Arrhopalitidae | Neelidae | Neelus | Neelides | Megalothorax | Acanthothorax pratensis | Zelandothorax novaezealandiae | Isotogastrura | Isotomidae | Anurophorinae | Proisotominae | Isotominae | Pachyotominae | Protentomobrya walkeri | Coenaletes | Actaletidae | Microfalcula delamarei | Paronellidae | Entomobryidae | Orchesellinae | Entomobryinae | Lepidocyrtinae | Seirinae | Oncobrya decepta | Rhyniella praecursor | Cyphoderidae

Tomoceridae | Antennacyrtus | Aphaenomurus | Entomocerus | Lasofinius | Lepidophorella | Lethemurus | Monodontocerus | Neophorella | Novacerus | Plutomurus | Pogonognathellus | Tomocerina | Tomocerus | Tomolonus | Tritomurus | Oncopoduridae | Protura | Sinentomata | Sinentomon | Sinentomon chui | Sinentomon erythranum | Sinentomon yoroi | Fujientomon | Fujientomon dicestum | Fujientomon primum | Eosentomata | Antelientomon | Eosentomidae | Anisentomon | Eosentomon | Isoentomon | Madagascarentomon | Neanisentomon | Paranisentomon | Pseudanisentomon | Styletoentomon | Zhongguohentomon | Acerentomata | Hesperentomidae | Hesperentomon | Huhentomon | Ionescuellum | Protentomidae | Condeellum | Hinomotentomon | Neocondeellum | Paracondeellum | Protentomon | Proturentomon | Acerentomidae | Acerella | Acerentomon | Acerentuloides | Acerentulus | Alaskaentomon | Amphientulus | Andinentulus | Australentulus | Baculentulus | Berberentulus | Bolivaridia | Brasilentulus | Brasilidia | Callientomon | Chosonentulus | Delamarentulus | Filientomon | Fjellbergella | Gracilentulus | Huashanentulus | Imadateiella | Kenyentulus | Madagascaridia | Maderentulus | Najtentulus | Neobaculentulus | Nienna | Nipponentomon | Noldo | Nosekiella | Notentulus | Orinentomon | Paracerella | Podolinella | Polyadenum | Proacerella | Silvestridia | Sugaentulus | Tasmanentulus | Tuxenentulus | Tuxenidia | Verrucoentomon | Vesiculentomon | Vindobonella | Wenyingia | Yamatentomon | Yavanna | Yichunentulus | Yinentulus | Zangentulus | Diplura | Campodeidae | Procampodeidae | Projapygidae | Anajapygidae | Japygidae | Heterojapygidae | Dinjapygidae | Evalljapygidae | Parajapygidae | Onychojapyx schmidti | Plioprojapyx primitivus | Insecta | Archaeognatha

Machiloidea | Meinertellidae | Machilidae | Triassomachilis uralensis | Monura | Lepidodasypus sharovi | Dasyleptus noli | Dasyleptus lucasi | Dasyleptus brongniarti | Cercopodata

Thysanura | Lepidothrichidae | Nicoletiidae | Lepismatidae | Maindroniidae | Pterygota | Paleodictyopteroidea | Diaphanopterodea | Diaphanopteridae | Diaphanoptera | | Prochoropteridae | Prochoroptera | Euchoroptera | Elmoa | Parelmoidae | Parelmoa | Pseudelmoa | Uralia | Paruralia | Martynoviidae | Martynovia | Eumartynovia | Phaneroneura | Biarmohymen | Asthenohymen | Rhaphidiopsis | Parabrodia | Diapha | Elmodiapha | Paradiapha | Permodiapha | Protodiapha | Stenodiapha | Paleodictyoptera

Dictyoneuridae | Dictyoneura | Cleffia | Dictyoneurula | Goldenbergia | Kallenbergia | Macrodictya | Microdictya | Polioptenus | Rotundopteris | Sagenoptera | Schmidtopteron | Siberiodictya | Stenodictya | Stenodictyoneura | Stilbocrocis | Lithomanteidae | Lithomantis | Lusiella | Synarmoge | Megaptilidae | Megaptilus | Lithoptilus

Calvertiellidae | Calvertiella | Carrizopteryx | Moravia | Moraviptera | Sharovia | Archaemegaptilus | Eugereonidae | Eugereon | Dictyoptilus | Peromaptera | Sandiella | Valdeania | Lycocercidae | Lycocercus | Apopappus | Lycodemas | Lycodus | Madera | Notorachis | Polycreagra | Graphiptilidae | Graphiptilus | Rhabdoptilus | Breyeriidae | Breyeria | Hasala | Megaptiloides | Stobbsia | Tchirkovaeidae | Tchirkovaea | Paimbia | Homoiopteridae | Homoioptera | Adolarryia | Boltopruvostia | Larryia | Mazonopterum | Mazothairos | Parathesoneura | Scepasma | Thesoneura | Turneropterum | Mecynostomata | Fouqueidae | Fouquea | Neofouquea | Eubleptus | Spilapteridae | Spilaptera | Abaptilon | Baeoneura | Becquerelia | | Dunbaria | Epitethe | Homaloneura | Lamproptilia | Mcluckiepteron | Neuburgia | Palaeoptilus | Paradunbaria | Permiakovia | Sheltoweeptera | Spiloptilus | Tectoptilus | Vorkutoneura | Elmoboriidae | Elmoboria | Oboria | Kansasia | Mammia | Mecynoptera | Mecynostomites | Monsteropterum | Palaiotaptus | Palapteris | Paramecynostoma | Paramegaptilus | Platephemera | Propalingenia | Psychroptilus | Pteronidia | Rochdalia | Saarlandia | Sabitaptus | Schedoneura | Severinopsis | Titanodictya | Turnbullia | Althansia | Ametretus | Amousus | Anagesthes | Anthracosta | Asiodictya | Bathytaptus | Bojoptera | Boltonocosta | Catadyesthus | Compsoneura | Diexodus | Eumecoptera | Eurydictyella | Eurythmopteryx | Gegenemene | Haplophlebium | Heolus | Idoptilus | Jongmansia | Megasecoptera | Aspidothorax | Anchineura | Aspidohymen | Aykhal | Corydaloides | Brodioptera | Foriria | Sphecopteridae | Sphecoptera | Cyclocelis | Ischnoptilus | Mischopteridae | Mischoptera | Psilothorax | Protohymenidae | Protohymen | Ivahymen | Permohymen | Scytohymenidae | Scytohymen | Tshekardohymen | Bardohymenidae | Bardohymen | Actinohymen | Alexahymen | Calohymen | Sylvohymen | Moravohymen | Brodiidae | Eubrodia | Brodia | Ancoptera | Vorkutiidae | Vorkutia | Sibiriohymen | Alectoneura | Hana | Arcioneuridae | Anconeura | Arcioneura | Cauloptera | Engisoptera | Lameereites | Permothemistida | Permothemistidae | Permothemis | Ideliella | Pauciramus | Permothemidia | Diathemidae | Diathema | Diathemidia | Ephemeroptera | Schistonota | Baetoidea | Siphlonuridae | Baetidae | Oniscigastridae | Ameletopsidae | Ametropodidae | Heptagenioidea | Coloburiscidae | Oligoneuriidae | Isonychiidae | Heptageniidae | Leptophlebiidae | Ephemeroidea | Behningiidae | Potamanthidae | Euthyplociidae | Polymitarcydae | Ephemeridae | Palingeniidae | Pannota | Ephemerelloidea | Ephemerellidae | Leptohyphidae | Tricorythidae | Caenoidea | Neoephemeridae | Baetiscidae | Caenidae | Prosopistomatidae | Odonata | Protodonata

Protanisoptera | Triadophlebiomorpha

Protozygoptera | Archizygoptera

Zygoptera

Anisozygoptera | Anisoptera | Neoptera

Hemipteroid Assemblage | Psocodea | Trogiomorpha | Prionoglarididae

Psyllipsocidae | Atropetae

Psocomorpha | Archipsocidae

Philotarsidae | Psocetae | Hemipsocidae | Psilopsocidae

Psocidae | Amphigerontiinae | Amphigerontia | Anomaloblaste | Blaste | Blastopsocidus | Blastopsocus | Chaetopsocidus sturmi | Chilopsocus macrochilus | Disopsocus megacheilus | Elaphopsocus glaphyrostigma | Elytropsocus coleoptratus | Epiblaste | Euclismioides inocellata | Indoblaste | Javablaste | Kaindipsocus | Lasiopsocus | Metagerontia tribulosa | Neoblaste | Neopsocopsis | Pentablaste | Stylatopsocus | Psocinae | Cycetes | Cerastipsocini | Cerastipsocus | Ceratostigma gracile | Cervopsocus medialis | Clematoscenea | Dactylopsocus | Dinopsocus | Eremopsocus | Ghesquierella | Longivalvus | Lubricus dayaoshanensis | Neopsocus | Podopterocus longicornis | Pogonopsocus octofaris | Propsococerastis jiangkouensis | Psococerastis | Setopsocus magnus | Sundapsocus robertsoni | Metylophorini | Brachinodiscus cinctipes | Cyclotus microcorneus | Diplacanthoda bouvieri | Metylophorus | Ophthalmopsocus | Pilipsocus | Sigmatoneura | Psocini | Atrichadenotecnum | Atropsocus atratus | Cryptopsocus cynostigmus | Hyalopsocus | Psocus | Sacopsocus quadricornis | Ptyctini | Atlantopsocus | Barrowia insularis | Camelopsocus | Cephalopsocus cassideus | Clematostigma | Conothoracalis | Copostigma | Fashenglianus albimaculatus | Hybopsocus bisipolaris | Indiopsocus | Javapsocus | Loensia | Mecampsis | Oreopsocus | Psocidus | Psocomesites | Ptycta | Ptycta aaroni | Ptycta afasciata | Ptycta anacantha | Ptycta angulata | Ptycta angustifrons | Ptycta apicalis | Ptycta apicantha | Ptycta apicanthoides | Ptycta arandae | Ptycta aschekei | Ptycta australis | Ptycta badonneli | Ptycta bebea | Ptycta biloba | Ptycta blanci | Ptycta breuschi | Ptycta bulbosa | Ptycta buettikeri | Ptycta caboverdensis | Ptycta campbelli | Ptycta chekei | Ptycta chubsugulensis | Ptycta cogani | Ptycta cruciata | Ptycta curvata | Ptycta curviclava | Ptycta deltoides | Ptycta descarpentriesi | Ptycta diacantha | Ptycta diadela | Ptycta diastema | Ptycta dichotoma | Ptycta dicrosa | Ptycta disclera | Ptycta distincta | Ptycta distinguenda | Ptycta drepana | Ptycta elegantula | Ptycta elena | Ptycta emarginata | Ptycta episcia | Ptycta flavipalpi | Ptycta floresensis | Ptycta frayorgensis | Ptycta frogneri | Ptycta frontalis | Ptycta furcata | Ptycta giffardi | Ptycta glossoptera | Ptycta grucheti | Ptycta gynegonia | Ptycta gyroflexa | Ptycta haleakalae | Ptycta hardyi | Ptycta hawaiiensis | Ptycta heterogamias | Ptycta hollowayae | Ptycta iaoensis | Ptycta improcera | Ptycta incerta | Ptycta incurvata | Ptycta isabelae | Ptycta kaala | Ptycta kauaiensis | Ptycta kenyensis | Ptycta kiboschoensis | Ptycta krakatau | Ptycta laevidorsum | Ptycta lanaiensis | Ptycta lemniscata | Ptycta leucothorax | Ptycta lineata | Ptycta lobata | Pty